RespondentID,StartDate,EndDate,FamiliarityNews,FamiliarityTech,SharedCyclist,SharedPedestrian,SafeAv,SafeHuman,AvImpact,ProvingGround,Speed25Mph,TwoEmployeesAv,SchoolZoneManual,ShareTripData,SharePerformanceData,ReportSafetyIncident,ArizonaCrash,ZipCode,BikePghMember,AutoOwner,SmartphoneOwner,Age
10505419886,2/2/2019,2/2/2019,To a moderate extent,Somewhat familiar,Yes,Yes,4,2,Significantly Better,Approve,No,Not sure,No,Not sure,Yes,Yes,No change,15212,No,Yes,Yes,25-34
10505138734,2/2/2019,2/2/2019,To a moderate extent,Somewhat familiar,Yes,No,5,4,Significantly Better,Neutral,No,No,No,No,Yes,Not sure,No change,15232,Not sure,Yes,Yes,25-34
10504803283,2/1/2019,2/1/2019,To a moderate extent,Somewhat familiar,Yes,Yes,1,4,Significantly Worse,Disapprove,Not sure,Yes,No,No,No,Not sure,Significantly more negative opinion,null,No,No,No,null
10504337177,2/1/2019,2/1/2019,To a moderate extent,Extremely familiar,Yes,Yes,2,3,Slightly Worse,Disapprove,Yes,Yes,Yes,No,Yes,Yes,No change,15136,No,No,Yes,55-64
10504261546,2/1/2019,2/1/2019,To a moderate extent,Mostly familiar,Yes,No,5,3,Slightly Better,Neutral,No,No,Not sure,Yes,Yes,No,No change,15201,Yes,No,Yes,35-44
10504232487,2/1/2019,2/1/2019,To a large extent,Mostly familiar,Yes,Yes,1,3,Slightly Worse,Somewhat Disapprove,Yes,Yes,Yes,Yes,Yes,Yes,Somewhat more negative opinion,15222,Yes,Yes,Yes,35-44
10504048132,2/1/2019,2/1/2019,To little extent,Not familiar at all,Yes,Yes,5,2,Slightly Better,Neutral,Not sure,Not sure,Not sure,Not sure,Not sure,Not sure,No change,15224,Yes,Yes,Yes,35-44
10504011274,2/1/2019,2/1/2019,To a large extent,Mostly familiar,Yes,Yes,5,2,Significantly Better,Somewhat Approve,No,No,No,Yes,Yes,No,No change,15201,No,Yes,Yes,25-34
10503863228,2/1/2019,2/1/2019,To a large extent,Somewhat familiar,No,No,5,4,Significantly Better,Approve,Not sure,No,No,Yes,Yes,Yes,No change,15206,No,Yes,Yes,45-54
10503731368,2/1/2019,2/1/2019,To a large extent,Somewhat familiar,Yes,Yes,3,5,No effect,Somewhat Disapprove,Yes,Yes,Yes,Yes,Yes,Yes,Significantly more negative opinion,15219,No,Yes,Yes,55-64
10503687114,2/1/2019,2/1/2019,To a moderate extent,Somewhat familiar,Not sure,Yes,3,4,Slightly Better,Neutral,Yes,Not sure,Yes,Yes,Yes,Yes,No change,15207,Yes,Yes,Yes,45-54
10503567568,2/1/2019,2/1/2019,To a moderate extent,Somewhat familiar,Yes,No,3,4,Slightly Worse,Somewhat Approve,Yes,Yes,Yes,Not sure,Yes,Yes,Somewhat more negative opinion,15220,No,Yes,Yes,35-44
10503541139,2/1/2019,2/1/2019,To a moderate extent,Somewhat familiar,Yes,Yes,3,2,No effect,Somewhat Approve,Yes,Yes,Not sure,Yes,Yes,Not sure,Somewhat more negative opinion,15201,Yes,Yes,Yes,25-34
10503248383,2/1/2019,2/1/2019,Not at all,Extremely familiar,Yes,Yes,5,5,No effect,Approve,No,No,No,No,No,No,No change,15201,No,Yes,Yes,35-44
10503159766,2/1/2019,2/1/2019,To a large extent,Somewhat familiar,No,Yes,4,4,No effect,Approve,No,No,Yes,Not sure,No,Yes,No change,15206,No,Yes,Yes,55-64
10502774103,1/31/2019,1/31/2019,To a large extent,Mostly familiar,Yes,Yes,5,3,Significantly Better,Approve,Not sure,No,No,No,Yes,Yes,Somewhat more negative opinion,15009,Yes,Yes,Yes,25-34
10502675032,1/31/2019,1/31/2019,To little extent,Not familiar at all,Not sure,Not sure,3,3,Slightly Worse,Neutral,Not sure,Not sure,Not sure,Not sure,Not sure,Yes,Somewhat more negative opinion,15135,No,Yes,Yes,45-54
10502625514,1/31/2019,1/31/2019,To a large extent,Somewhat familiar,Yes,No,4,2,Significantly Better,Approve,No,No,No,No,Yes,Yes,No change,15217,Yes,Yes,Yes,35-44
10502571139,1/31/2019,1/31/2019,To a large extent,Mostly familiar,Yes,Yes,5,2,Significantly Better,Approve,No,No,Not sure,No,No,No,No change,15222,Yes,Yes,Yes,35-44
10502460099,1/31/2019,1/31/2019,To some extent,Mostly familiar,Yes,Yes,3,2,Slightly Better,Somewhat Disapprove,Yes,No,Yes,Yes,Yes,Yes,Somewhat more negative opinion,15224,Yes,Yes,Yes,25-34
10502288136,1/31/2019,1/31/2019,To some extent,Somewhat familiar,Yes,No,4,3,No effect,Somewhat Approve,Not sure,No,Yes,Yes,Yes,Yes,Somewhat more negative opinion,15224,No,Yes,Yes,Under 18
10502226666,1/31/2019,1/31/2019,To a moderate extent,Not familiar at all,Not sure,Not sure,1,3,Slightly Worse,Neutral,Not sure,Not sure,Not sure,Yes,Yes,Yes,Significantly more negative opinion,null,Yes,Yes,Yes,25-34
10502199182,1/31/2019,1/31/2019,To a moderate extent,Somewhat familiar,Yes,Yes,5,3,Significantly Better,Approve,No,No,No,Yes,Yes,No,No change,15234,No,Yes,Yes,25-34
10502147481,1/31/2019,1/31/2019,To some extent,Not familiar at all,No,No,3,1,Slightly Better,Somewhat Disapprove,Yes,Yes,Yes,Yes,Yes,Yes,Somewhat more negative opinion,15221,No,Yes,Yes,25-34
10502114701,1/31/2019,1/31/2019,To a moderate extent,Mostly familiar,Yes,Yes,5,3,Slightly Better,Somewhat Approve,Not sure,Not sure,Yes,Not sure,Yes,Yes,No change,15235,No,Yes,Yes,35-44
10502058758,1/31/2019,1/31/2019,To some extent,Somewhat familiar,Yes,Yes,4,3,No effect,Somewhat Approve,Yes,No,Yes,No,No,Yes,Somewhat more negative opinion,15212,No,Yes,Yes,25-34
10502051148,1/31/2019,1/31/2019,To a moderate extent,Extremely familiar,Yes,Yes,4,2,Significantly Better,Somewhat Approve,Yes,Not sure,Yes,Yes,Yes,Yes,Somewhat more negative opinion,15217,No,Yes,Yes,35-44
10502049467,1/31/2019,1/31/2019,To a large extent,Extremely familiar,No,Yes,4,1,Slightly Better,Approve,Yes,Yes,No,No,Yes,Yes,Significantly more negative opinion,15218,Yes,Yes,Yes,25-34
10502033424,1/31/2019,1/31/2019,To a large extent,Extremely familiar,Not sure,Not sure,3,4,Slightly Worse,Neutral,Yes,Not sure,Yes,Yes,Yes,Yes,No change,16803,No,Yes,Yes,25-34
10501991066,1/31/2019,1/31/2019,To a moderate extent,Somewhat familiar,Yes,Yes,4,4,Slightly Better,Approve,Not sure,No,Not sure,No,Yes,Yes,No change,15217,No,Yes,Yes,65+
10501931788,1/31/2019,1/31/2019,To some extent,Not familiar at all,No,No,2,4,Slightly Worse,Somewhat Approve,Yes,Yes,No,Yes,Yes,Yes,Significantly more negative opinion,15241,No,Yes,Yes,55-64
10501884323,1/31/2019,1/31/2019,To some extent,Somewhat familiar,Yes,No,5,2,Significantly Better,Neutral,No,Not sure,No,Not sure,Yes,Yes,No change,15201,No,Yes,Yes,35-44
10501878218,1/31/2019,1/31/2019,To little extent,Not familiar at all,No,Yes,3,3,Slightly Better,Somewhat Approve,Yes,No,No,Yes,Yes,Yes,No change,null,No,Yes,Yes,25-34
10501701337,1/31/2019,1/31/2019,To a large extent,Extremely familiar,Yes,No,4,3,Slightly Better,Approve,No,No,No,No,Yes,Yes,No change,15201,No,Yes,Yes,35-44
10501695876,1/31/2019,1/31/2019,To some extent,Somewhat familiar,Not sure,Yes,3,2,Significantly Better,Approve,Yes,Yes,Not sure,Yes,Yes,Yes,No change,15224,Not sure,Yes,Yes,35-44
10501693618,1/31/2019,1/31/2019,To a moderate extent,Somewhat familiar,No,Yes,4,3,No effect,Somewhat Disapprove,Not sure,Yes,Yes,Yes,Yes,Yes,Somewhat more negative opinion,15224,No,Yes,Yes,25-34
10501667207,1/31/2019,1/31/2019,To some extent,Somewhat familiar,No,Not sure,3,2,Slightly Worse,Somewhat Disapprove,Yes,Yes,No,Yes,Yes,Yes,Significantly more negative opinion,15224,No,No,Yes,25-34
10501635085,1/31/2019,1/31/2019,To a moderate extent,Somewhat familiar,Yes,Yes,1,1,Slightly Worse,Disapprove,Yes,Not sure,Not sure,Not sure,Yes,Yes,Significantly more negative opinion,15209,No,Yes,Yes,25-34
10501617297,1/31/2019,1/31/2019,To a large extent,Extremely familiar,Yes,Yes,4,1,Significantly Better,Approve,Not sure,Yes,Not sure,No,Not sure,Not sure,No change,15014,Yes,Yes,Yes,35-44
10501575913,1/31/2019,1/31/2019,To a moderate extent,Mostly familiar,Yes,Yes,5,2,Significantly Better,Approve,No,No,No,Yes,Yes,Yes,No change,15209,Yes,Yes,Yes,35-44
10501574115,1/31/2019,1/31/2019,To some extent,Somewhat familiar,Yes,No,3,1,No effect,Somewhat Approve,Yes,Yes,Yes,Yes,Yes,Yes,No change,15217,Yes,Yes,Yes,18-24
10501516000,1/31/2019,1/31/2019,To some extent,Somewhat familiar,No,Yes,1,3,Significantly Better,Approve,Not sure,No,No,Yes,Yes,Yes,Somewhat more negative opinion,15071,No,Yes,Yes,25-34
10501458859,1/31/2019,1/31/2019,To a moderate extent,Mostly familiar,Not sure,Not sure,4,2,Significantly Better,Somewhat Approve,No,No,No,Not sure,No,Not sure,No change,15217,Not sure,Yes,Yes,25-34
10501451524,1/31/2019,1/31/2019,To a moderate extent,Somewhat familiar,Yes,Yes,2,4,Slightly Worse,Somewhat Disapprove,Yes,Not sure,Yes,Yes,Yes,Yes,Significantly more negative opinion,15009,No,Yes,Yes,25-34
10501427329,1/31/2019,1/31/2019,To a moderate extent,Somewhat familiar,Yes,Yes,2,3,No effect,Disapprove,Yes,Not sure,Yes,Yes,Yes,Yes,Somewhat more negative opinion,15217,Yes,Yes,Yes,35-44
10501403397,1/31/2019,1/31/2019,To some extent,Somewhat familiar,Yes,Yes,5,3,Slightly Better,Approve,No,No,Yes,Yes,Yes,No,No change,15211,No,Yes,Yes,35-44
10501381784,1/31/2019,1/31/2019,To a large extent,Extremely familiar,Not sure,Yes,5,2,Significantly Better,Approve,No,No,No,Yes,Yes,Yes,No change,15212,Not sure,Yes,Yes,35-44
10501357932,1/31/2019,1/31/2019,To some extent,Somewhat familiar,Yes,Yes,3,3,No effect,Somewhat Disapprove,Yes,Not sure,Yes,Yes,Yes,Yes,Somewhat more negative opinion,15201,No,Yes,Yes,25-34
10501249599,1/31/2019,1/31/2019,To a large extent,Mostly familiar,Yes,No,5,2,Significantly Better,Approve,No,Not sure,No,Not sure,Yes,No,No change,15211,No,Yes,Yes,45-54
10500998053,1/31/2019,1/31/2019,To a moderate extent,Mostly familiar,No,No,2,4,Slightly Worse,Somewhat Disapprove,Yes,Yes,Yes,Yes,Yes,Yes,Significantly more negative opinion,15223,No,Yes,Yes,65+
10500988231,1/31/2019,1/31/2019,To some extent,Mostly familiar,Yes,Yes,4,3,Slightly Better,Neutral,Yes,Yes,Yes,Yes,Yes,Yes,Somewhat more negative opinion,15222,Not sure,Yes,Yes,55-64
10500988230,1/31/2019,1/31/2019,To a moderate extent,Extremely familiar,Yes,Yes,5,2,Significantly Better,Approve,No,No,No,No,No,No,Significantly more positive opinion,15090,No,Yes,Yes,35-44
10500473518,1/31/2019,1/31/2019,To a large extent,Mostly familiar,No,Not sure,4,2,Significantly Better,Approve,No,No,No,Yes,Yes,Yes,No change,15202,Yes,Yes,Yes,55-64
10500148086,1/30/2019,1/30/2019,To a moderate extent,Mostly familiar,No,Yes,3,3,Slightly Better,Approve,No,No,No,Yes,Yes,Yes,No change,15217,Yes,No,Yes,25-34
10500144606,1/30/2019,1/30/2019,To a moderate extent,Mostly familiar,No,No,2,4,Significantly Worse,Disapprove,Yes,Yes,Yes,Yes,Yes,Yes,Significantly more negative opinion,15222,No,Yes,Yes,25-34
10500039124,1/30/2019,1/30/2019,To a large extent,Mostly familiar,No,Not sure,4,2,Slightly Better,null,No,No,No,Yes,Yes,Yes,No change,15228,No,Yes,Yes,45-54
10499881667,1/30/2019,1/30/2019,To some extent,Mostly familiar,Not sure,Not sure,1,3,Significantly Worse,Disapprove,Yes,Yes,Yes,Yes,Yes,Yes,Somewhat more negative opinion,15210,Not sure,Yes,Yes,25-34
10499844878,1/30/2019,1/30/2019,To a large extent,Somewhat familiar,Yes,Yes,4,3,Significantly Better,Approve,No,Not sure,Not sure,Yes,Yes,No,No change,15211,No,Yes,Yes,45-54
10499792642,1/30/2019,1/30/2019,To little extent,Somewhat familiar,Not sure,Not sure,3,4,No effect,Somewhat Disapprove,Not sure,Not sure,Yes,Not sure,Yes,Yes,Somewhat more negative opinion,15206,No,Yes,Yes,25-34
10499697392,1/30/2019,1/30/2019,To a moderate extent,Somewhat familiar,Yes,Yes,5,3,Significantly Better,Approve,Yes,Yes,Yes,Yes,Not sure,No,No change,15201,No,Yes,Yes,45-54
10499445271,1/30/2019,1/30/2019,To a large extent,Extremely familiar,No,Yes,4,2,Significantly Better,Somewhat Approve,Not sure,Yes,Not sure,Yes,Yes,Yes,Somewhat more negative opinion,15201,Yes,Yes,Yes,25-34
10499408275,1/30/2019,1/30/2019,To a large extent,Extremely familiar,No,Yes,3,2,Slightly Better,Somewhat Approve,Yes,Yes,Yes,Yes,Yes,Yes,Significantly more negative opinion,15215,No,Yes,Yes,45-54
10499373267,1/30/2019,1/30/2019,To a large extent,Mostly familiar,Yes,No,5,2,Significantly Better,Approve,No,No,Not sure,Yes,Yes,Yes,No change,15224,Yes,Yes,Yes,45-54
10499345074,1/30/2019,1/30/2019,To a moderate extent,Somewhat familiar,No,No,null,3,No effect,Somewhat Disapprove,Yes,Yes,Yes,Yes,Yes,Yes,Significantly more negative opinion,null,No,Yes,Yes,55-64
10499338551,1/30/2019,1/30/2019,To a moderate extent,Extremely familiar,Not sure,Yes,5,3,Significantly Better,Approve,No,Not sure,No,Not sure,Yes,Yes,No change,15221,Yes,Yes,Yes,35-44
10499280976,1/30/2019,1/30/2019,To a moderate extent,Mostly familiar,Not sure,Yes,3,2,Slightly Better,Neutral,Yes,Not sure,Not sure,Yes,Yes,Yes,Somewhat more negative opinion,38107,No,Yes,Yes,45-54
10499279665,1/30/2019,1/30/2019,To a large extent,Extremely familiar,Yes,Yes,4,3,Slightly Better,Neutral,Yes,Yes,Yes,Yes,Yes,Yes,Somewhat more negative opinion,15068,Not sure,Yes,Yes,55-64
10499249479,1/30/2019,1/30/2019,To a moderate extent,Mostly familiar,Yes,No,5,3,No effect,Approve,No,No,Not sure,No,No,Yes,No change,15237,Yes,Yes,Yes,65+
10499226733,1/30/2019,1/30/2019,To some extent,Somewhat familiar,No,No,2,1,Slightly Better,Somewhat Disapprove,Yes,No,Yes,Yes,Yes,Yes,Somewhat more negative opinion,null,No,Yes,Yes,25-34
10499224313,1/30/2019,1/30/2019,To a moderate extent,Mostly familiar,No,Yes,2,2,Slightly Worse,Somewhat Approve,Yes,Yes,Yes,Yes,Yes,Yes,Somewhat more negative opinion,15208,No,Yes,Yes,65+
10499216045,1/30/2019,1/30/2019,To little extent,Mostly familiar,No,Yes,5,3,Significantly Better,Approve,No,No,Not sure,Not sure,Yes,Yes,Somewhat more positive opinion,15235,No,Yes,Yes,35-44
10499164226,1/30/2019,1/30/2019,To a moderate extent,Extremely familiar,Yes,Yes,5,3,Slightly Better,Approve,No,No,No,Yes,Yes,Yes,Significantly more positive opinion,15215,Yes,Yes,Yes,55-64
10499143475,1/30/2019,1/30/2019,To some extent,Mostly familiar,Not sure,Yes,4,3,Significantly Better,Somewhat Approve,No,Yes,Not sure,No,Yes,Yes,No change,15224,No,Yes,Yes,25-34
10499048479,1/30/2019,1/30/2019,To a moderate extent,Somewhat familiar,Yes,Yes,3,1,Slightly Better,Somewhat Approve,Yes,Yes,Not sure,Yes,Yes,Yes,Somewhat more negative opinion,15201,Yes,Yes,Yes,25-34
10498973305,1/30/2019,1/30/2019,To little extent,Somewhat familiar,Yes,Yes,2,2,Slightly Worse,Disapprove,Yes,Yes,Yes,Yes,Yes,Yes,Significantly more negative opinion,15206,Yes,Yes,Yes,25-34
10498913189,1/30/2019,1/30/2019,To a large extent,Mostly familiar,No,Yes,4,2,Significantly Better,Approve,No,No,No,Yes,Yes,Yes,Somewhat more negative opinion,15206,Yes,Yes,Yes,35-44
10498871662,1/30/2019,1/30/2019,To some extent,Not familiar at all,Not sure,Yes,2,2,Significantly Worse,Somewhat Disapprove,Not sure,Yes,Yes,Yes,Yes,Yes,Significantly more negative opinion,15229,Not sure,Yes,Yes,25-34
10498860618,1/30/2019,1/30/2019,To little extent,Not familiar at all,Yes,Yes,5,4,Significantly Better,Approve,Not sure,Not sure,Not sure,Yes,Yes,Yes,No change,15201,Yes,Yes,Yes,25-34
10498725037,1/30/2019,1/30/2019,To a large extent,Somewhat familiar,Yes,Yes,4,3,Slightly Better,Somewhat Approve,Not sure,Not sure,Yes,Not sure,Not sure,Yes,No change,15217,Yes,Yes,Yes,35-44
10498714520,1/30/2019,1/30/2019,To a large extent,Extremely familiar,Yes,Yes,5,3,Significantly Better,Approve,Yes,No,Not sure,Not sure,Yes,Yes,No change,15223,Yes,Yes,Yes,35-44
10498697866,1/30/2019,1/30/2019,To some extent,Somewhat familiar,No,No,3,3,Slightly Better,Somewhat Approve,Yes,No,Not sure,Yes,Yes,Yes,Somewhat more negative opinion,16262,No,Yes,Yes,35-44
10498629080,1/30/2019,1/30/2019,To a moderate extent,Somewhat familiar,No,Yes,4,3,Significantly Better,Approve,No,Yes,No,Not sure,Yes,Yes,No change,15208,No,Yes,Yes,18-24
10498593524,1/30/2019,1/30/2019,To some extent,Somewhat familiar,Yes,No,4,3,Slightly Better,Approve,No,No,Yes,Not sure,Yes,Yes,No change,15211,No,Yes,Yes,18-24
10496666321,1/29/2019,1/29/2019,To some extent,Mostly familiar,Not sure,Yes,4,3,Significantly Better,Approve,No,No,Not sure,Yes,Yes,Yes,No change,15213,Yes,Yes,Yes,25-34
10495230218,1/29/2019,1/29/2019,To a large extent,Extremely familiar,Yes,No,null,null,null,Disapprove,Yes,Yes,Yes,Yes,Yes,Yes,Significantly more negative opinion,15213,Yes,Yes,Yes,18-24
10494593942,1/28/2019,1/28/2019,To a large extent,Mostly familiar,Yes,Yes,5,1,Significantly Better,Approve,No,No,No,Yes,Yes,No,No change,15690,No,Yes,Yes,25-34
10494502647,1/28/2019,1/28/2019,To a large extent,Somewhat familiar,Yes,Yes,3,2,Slightly Better,Approve,Not sure,Not sure,Yes,Yes,Yes,Yes,Somewhat more negative opinion,15212,Yes,Yes,Yes,55-64
10494480628,1/28/2019,1/28/2019,To a moderate extent,Mostly familiar,No,Yes,4,2,Slightly Better,Somewhat Approve,Yes,Not sure,Not sure,Yes,Yes,Yes,No change,15241,No,Yes,Yes,55-64
10494076639,1/28/2019,1/28/2019,To a moderate extent,Mostly familiar,Not sure,Not sure,5,4,Significantly Better,Approve,Not sure,No,Not sure,Not sure,Not sure,Not sure,No change,15601,No,Yes,Yes,45-54
10493669679,1/28/2019,1/28/2019,To a large extent,Extremely familiar,Yes,Yes,5,1,Significantly Better,Approve,No,Yes,Not sure,Yes,Yes,Yes,No change,15224,Yes,Yes,Yes,35-44
10493645911,1/28/2019,1/28/2019,To some extent,Somewhat familiar,No,Yes,5,1,Significantly Better,Approve,Yes,Yes,Not sure,Yes,Yes,Not sure,No change,24060,Yes,Yes,Yes,25-34
10492779516,1/27/2019,1/27/2019,To some extent,Mostly familiar,No,No,4,3,Slightly Better,Somewhat Approve,Yes,Yes,Not sure,Yes,Yes,Yes,Somewhat more negative opinion,15207,Not sure,Yes,Yes,25-34
10492630481,1/27/2019,1/27/2019,To a moderate extent,Mostly familiar,Yes,Yes,4,4,Slightly Better,Approve,Not sure,No,Not sure,Yes,Yes,Yes,Somewhat more negative opinion,15201,No,Yes,Yes,25-34
10492576250,1/27/2019,1/27/2019,To a moderate extent,Mostly familiar,null,Yes,5,1,Slightly Worse,Disapprove,Not sure,Yes,Yes,Yes,Yes,Yes,Significantly more negative opinion,null,No,Yes,Yes,45-54
10492235189,1/27/2019,1/27/2019,To some extent,Somewhat familiar,No,No,2,2,Slightly Better,Neutral,Not sure,Yes,Yes,Yes,Yes,Yes,Significantly more negative opinion,15232,Yes,Yes,Yes,25-34
10491601994,1/26/2019,1/26/2019,To some extent,Mostly familiar,Yes,Yes,3,3,No effect,Neutral,Yes,No,Yes,Yes,Yes,Yes,Somewhat more negative opinion,15206,Yes,Yes,Yes,45-54
10491499662,1/26/2019,1/26/2019,To a large extent,Mostly familiar,Yes,Yes,5,4,Slightly Better,Approve,No,Not sure,Yes,Yes,Yes,Yes,No change,15217,No,Yes,Yes,25-34
10491369820,1/26/2019,1/26/2019,To a large extent,Somewhat familiar,Yes,Yes,5,1,Slightly Better,Approve,Yes,Yes,No,Yes,Not sure,Yes,No change,15222,Yes,Yes,Yes,55-64
10491350174,1/26/2019,1/26/2019,To some extent,Somewhat familiar,Yes,No,5,1,No effect,Approve,No,No,No,No,Yes,Yes,No change,15212,No,Yes,Yes,45-54
10491288987,1/26/2019,1/26/2019,To some extent,Somewhat familiar,Yes,Yes,4,3,Slightly Better,Approve,Not sure,Not sure,Yes,Not sure,Yes,Yes,No change,15147,No,Yes,Yes,55-64
10489842121,1/25/2019,1/25/2019,To a large extent,Extremely familiar,Yes,Yes,5,2,Significantly Better,Approve,No,Yes,Yes,No,No,No,Significantly more positive opinion,15227,No,Yes,Yes,35-44
10489263047,1/25/2019,1/25/2019,To a moderate extent,Somewhat familiar,No,Yes,3,3,Slightly Better,Somewhat Disapprove,Yes,Yes,Yes,Yes,Yes,Yes,Somewhat more negative opinion,15201,No,Yes,Yes,25-34
10488600806,1/24/2019,1/24/2019,To a large extent,Extremely familiar,Yes,No,4,2,Significantly Better,Somewhat Approve,Not sure,Not sure,No,Yes,Yes,Yes,No change,15217,No,Yes,Yes,25-34
10488554583,1/24/2019,1/24/2019,To a large extent,Mostly familiar,Yes,Yes,4,2,Slightly Better,Somewhat Approve,Not sure,Yes,Not sure,Yes,Yes,Yes,Somewhat more negative opinion,15203,Yes,Yes,Yes,35-44
10488321930,1/24/2019,1/24/2019,To a large extent,Extremely familiar,Yes,Yes,5,2,Significantly Better,Approve,Not sure,Not sure,Not sure,Not sure,Not sure,Yes,No change,15214,No,Yes,Yes,35-44
10488138716,1/24/2019,1/24/2019,To some extent,Somewhat familiar,Yes,Yes,3,1,Slightly Better,Somewhat Approve,Yes,Yes,Yes,Yes,Yes,Yes,Somewhat more negative opinion,15219,No,Yes,Yes,25-34
10487901764,1/24/2019,1/24/2019,To some extent,Mostly familiar,Yes,No,5,3,Significantly Better,Approve,No,No,No,Yes,Yes,Yes,No change,15147,No,Yes,Yes,25-34
10487829040,1/24/2019,1/24/2019,To some extent,Somewhat familiar,Yes,Yes,4,4,Slightly Better,Approve,Not sure,Not sure,Yes,Not sure,Not sure,Yes,No change,15232,null,Yes,Yes,25-34
10487504042,1/24/2019,1/24/2019,To a moderate extent,Somewhat familiar,Yes,Yes,5,2,Significantly Better,Somewhat Approve,No,No,No,Yes,Yes,Yes,No change,15212,No,Yes,Yes,25-34
10487475507,1/24/2019,1/24/2019,To a large extent,Mostly familiar,Yes,Yes,4,2,Significantly Better,Approve,Not sure,Yes,Not sure,Yes,Yes,Yes,Somewhat more negative opinion,15222,No,Yes,Yes,25-34
10487136431,1/24/2019,1/24/2019,To some extent,Somewhat familiar,Yes,Yes,5,3,Slightly Better,Approve,Yes,Not sure,Not sure,Yes,Yes,Yes,No change,15217,No,Yes,Yes,35-44
10487069347,1/24/2019,1/24/2019,To a large extent,Somewhat familiar,Yes,Yes,4,2,Slightly Better,Somewhat Approve,Not sure,Not sure,Not sure,Yes,Yes,Yes,Somewhat more negative opinion,15203,Yes,Yes,Yes,55-64
10487067638,1/24/2019,1/24/2019,To a moderate extent,Mostly familiar,No,Yes,5,3,Slightly Better,Approve,Not sure,Not sure,Yes,Yes,Yes,Yes,No change,15206,No,Yes,Yes,18-24
10487039766,1/24/2019,1/24/2019,To a moderate extent,Mostly familiar,Yes,Yes,4,2,Slightly Better,Approve,No,No,Not sure,Yes,Yes,Yes,No change,15668,No,Yes,Yes,35-44
10486082170,1/23/2019,1/23/2019,To a moderate extent,Mostly familiar,Yes,No,3,4,No effect,Approve,No,Not sure,Yes,Yes,Yes,Yes,No change,15216,No,Yes,Yes,55-64
10485681155,1/23/2019,1/23/2019,To a large extent,Mostly familiar,Yes,No,5,3,Significantly Better,Approve,No,Not sure,No,Yes,Yes,Yes,No change,15217,Yes,Yes,Yes,45-54
10485519664,1/23/2019,1/23/2019,To a moderate extent,Somewhat familiar,Yes,No,4,3,Significantly Better,Approve,Not sure,Not sure,Yes,Yes,Yes,Yes,No change,15201,Yes,Yes,Yes,25-34
10485393249,1/23/2019,1/23/2019,To a moderate extent,Mostly familiar,Not sure,Not sure,1,3,Slightly Worse,Somewhat Disapprove,Yes,Yes,Yes,Yes,Yes,Yes,Somewhat more negative opinion,15234,No,Yes,Yes,45-54
10484881206,1/22/2019,1/23/2019,To some extent,Somewhat familiar,Yes,Yes,2,3,No effect,Disapprove,Yes,Yes,Not sure,Yes,Yes,Yes,No change,15232,Yes,Yes,Yes,25-34
10484646467,1/23/2019,1/23/2019,To some extent,Not familiar at all,Yes,Yes,3,3,No effect,Neutral,Yes,Yes,Yes,Yes,Yes,Yes,Significantly more negative opinion,15237,Yes,Yes,Yes,45-54
10484294123,1/23/2019,1/23/2019,To a large extent,Extremely familiar,Yes,No,1,4,Significantly Worse,Disapprove,No,No,Yes,Yes,Yes,Yes,No change,15003,Yes,Yes,Yes,45-54
10484280845,1/23/2019,1/23/2019,To a moderate extent,Mostly familiar,Yes,Yes,4,3,Significantly Better,Approve,Not sure,No,No,Yes,Yes,Yes,No change,15224,Yes,No,Yes,35-44
10484250052,1/23/2019,1/23/2019,To a large extent,Mostly familiar,Yes,No,4,3,Significantly Better,Approve,Not sure,No,No,Yes,Yes,Yes,Somewhat more positive opinion,15217,Yes,Yes,Yes,25-34
10484184360,1/23/2019,1/23/2019,To some extent,Somewhat familiar,Yes,No,4,3,Significantly Better,Approve,No,Yes,Yes,Not sure,Yes,Yes,No change,15217,No,Yes,Yes,25-34
10484054172,1/23/2019,1/23/2019,To a large extent,Extremely familiar,No,Yes,5,3,Significantly Better,Approve,No,No,No,Yes,Yes,Yes,No change,15241,No,Yes,Yes,35-44
10483765912,1/23/2019,1/23/2019,To a large extent,Mostly familiar,Yes,Yes,4,2,Significantly Better,Neutral,Not sure,Yes,Yes,Yes,Yes,Not sure,No change,15216,Not sure,Yes,Yes,35-44
10483725190,1/23/2019,1/23/2019,To some extent,Somewhat familiar,Not sure,Not sure,4,4,Significantly Better,Approve,No,No,No,Yes,Yes,Yes,No change,15217,Yes,Yes,Yes,25-34
10483629518,1/22/2019,1/22/2019,To some extent,Not familiar at all,No,No,3,2,Slightly Better,Somewhat Approve,No,Yes,Yes,Yes,Yes,Yes,Somewhat more negative opinion,15003,Not sure,Yes,No,35-44
10483616676,1/22/2019,1/22/2019,To a large extent,Mostly familiar,Not sure,Not sure,2,1,Significantly Better,Neutral,Yes,Yes,Yes,Yes,Yes,Yes,No change,null,No,No,Yes,18-24
10483410356,1/22/2019,1/22/2019,To little extent,Not familiar at all,Yes,Yes,1,1,Slightly Worse,Disapprove,Yes,Yes,Yes,Not sure,Yes,Yes,Significantly more negative opinion,15206,No,Yes,Yes,25-34
10483305365,1/22/2019,1/22/2019,To a large extent,Mostly familiar,No,No,5,2,Significantly Better,Approve,No,No,No,No,No,Yes,No change,15237,No,Yes,Yes,18-24
10483141387,1/22/2019,1/22/2019,To a moderate extent,Somewhat familiar,Yes,Yes,3,2,Slightly Better,Approve,No,No,Yes,No,Yes,Yes,No change,15211,Yes,Yes,Yes,55-64
10483041383,1/22/2019,1/22/2019,To a large extent,Extremely familiar,Not sure,Not sure,1,1,Slightly Worse,Disapprove,Yes,Not sure,Not sure,Yes,Yes,Yes,No change,15203,No,Yes,Yes,45-54
10483009860,1/22/2019,1/22/2019,To a large extent,Somewhat familiar,Yes,No,5,3,Significantly Better,Approve,No,No,No,Yes,Yes,Yes,No change,15209,Yes,Yes,Yes,65+
10482960525,1/22/2019,1/22/2019,To some extent,Somewhat familiar,Not sure,Not sure,4,2,Significantly Better,Approve,Not sure,Not sure,Yes,Yes,Yes,Yes,No change,15068,No,Yes,Yes,45-54
10482855456,1/22/2019,1/22/2019,To little extent,Not familiar at all,Not sure,Not sure,5,3,Significantly Better,Approve,Not sure,No,Yes,Yes,Yes,Yes,No change,15209,No,Yes,Yes,18-24
10482829815,1/22/2019,1/22/2019,To a moderate extent,Somewhat familiar,Yes,Yes,4,2,Significantly Better,Somewhat Disapprove,Yes,Not sure,No,Yes,Yes,Yes,No change,15206,Yes,Yes,Yes,25-34
10482807111,1/22/2019,1/22/2019,To a large extent,Somewhat familiar,Yes,Yes,4,2,Significantly Better,Approve,Not sure,Not sure,Yes,Yes,Yes,Yes,No change,15221,No,Yes,Yes,35-44
10482787892,1/22/2019,1/22/2019,To a moderate extent,Somewhat familiar,No,Yes,3,3,Slightly Better,Somewhat Approve,Not sure,No,Not sure,Not sure,Yes,Yes,Somewhat more negative opinion,15227,Not sure,Yes,Yes,45-54
10482748600,1/22/2019,1/22/2019,To a moderate extent,Mostly familiar,Yes,Yes,2,1,Slightly Worse,Disapprove,Yes,Yes,Yes,Yes,Yes,Yes,Significantly more negative opinion,15206,Yes,Yes,Yes,25-34
10482719701,1/22/2019,1/22/2019,To some extent,Somewhat familiar,No,Yes,3,3,No effect,Approve,No,No,Yes,Yes,Yes,Yes,No change,15106,No,Yes,Yes,55-64
10482703757,1/22/2019,1/22/2019,To a moderate extent,Mostly familiar,No,Yes,5,5,Significantly Better,Approve,Yes,No,Yes,No,No,Yes,No change,15238,No,Yes,No,65+
10482649158,1/22/2019,1/22/2019,To a moderate extent,Mostly familiar,Yes,Yes,4,3,Significantly Better,Somewhat Approve,Not sure,Not sure,Yes,No,Yes,Yes,No change,15235,Yes,Yes,Yes,45-54
10482643335,1/22/2019,1/22/2019,To a moderate extent,Mostly familiar,No,Yes,4,3,Significantly Better,Approve,No,Yes,Yes,Yes,Yes,Yes,Somewhat more negative opinion,15227,No,Yes,Yes,35-44
10482609463,1/22/2019,1/22/2019,To some extent,Not familiar at all,No,Yes,2,1,Slightly Worse,Disapprove,Yes,Yes,Yes,Yes,Yes,Yes,Significantly more negative opinion,15213,No,Yes,Yes,45-54
10482499805,1/22/2019,1/22/2019,To a moderate extent,Not familiar at all,Yes,Yes,1,2,Significantly Worse,Disapprove,Yes,Not sure,Yes,Yes,Yes,Yes,Significantly more negative opinion,15212,No,No,Yes,35-44
10482497377,1/22/2019,1/22/2019,To a moderate extent,Somewhat familiar,No,No,3,3,Slightly Better,Approve,Yes,No,Yes,Yes,Yes,Yes,Somewhat more negative opinion,15102,No,Yes,No,65+
10482276744,1/22/2019,1/22/2019,To a large extent,Mostly familiar,Yes,No,4,3,Significantly Better,Somewhat Approve,Yes,Yes,Yes,Yes,Yes,Yes,Somewhat more negative opinion,15206,Yes,Yes,Yes,35-44
10482266267,1/22/2019,1/22/2019,To a moderate extent,Somewhat familiar,Yes,No,3,3,Significantly Better,Somewhat Disapprove,Yes,Yes,Yes,Yes,Yes,Yes,Somewhat more negative opinion,15224,Yes,Yes,Yes,25-34
10482103925,1/18/2019,1/22/2019,To a large extent,Somewhat familiar,Yes,Yes,4,4,Significantly Better,Somewhat Disapprove,Yes,Yes,Yes,Yes,Yes,Yes,No change,17102,No,No,Yes,25-34
10481622980,1/22/2019,1/22/2019,To little extent,Not familiar at all,No,Yes,3,3,Slightly Better,Neutral,Yes,No,Yes,Yes,Yes,Yes,No change,15074,No,Yes,Yes,55-64
10481023196,1/21/2019,1/21/2019,To a moderate extent,Mostly familiar,No,No,4,3,Significantly Better,Somewhat Approve,Not sure,No,Yes,Yes,Yes,Yes,Somewhat more negative opinion,15217,Yes,Yes,Yes,55-64
10480989392,1/21/2019,1/21/2019,To a moderate extent,Mostly familiar,Yes,Yes,5,2,Significantly Better,Approve,No,No,null,No,No,No,No change,15203,Yes,Yes,Yes,25-34
10480595048,1/21/2019,1/21/2019,To a moderate extent,Mostly familiar,Yes,Yes,4,3,Slightly Better,Somewhat Approve,Not sure,Not sure,Not sure,Yes,Yes,Yes,No change,15216,Yes,Yes,Yes,45-54
10480494974,1/21/2019,1/21/2019,To a large extent,Extremely familiar,Yes,No,5,3,Slightly Better,Somewhat Approve,Not sure,No,Not sure,Yes,Yes,Yes,No change,15206,Yes,Yes,Yes,45-54
10480488241,1/21/2019,1/21/2019,To a large extent,Somewhat familiar,No,Yes,4,4,Slightly Better,Approve,Not sure,Not sure,Yes,Yes,Yes,Not sure,No change,15201,No,Yes,No,65+
10480370279,1/18/2019,1/21/2019,To some extent,Somewhat familiar,Yes,Yes,5,2,Significantly Better,Neutral,Not sure,Not sure,Yes,Yes,Yes,Yes,No change,15224,Yes,Yes,Yes,25-34
10480220430,1/21/2019,1/21/2019,To a large extent,Extremely familiar,No,No,5,2,Significantly Better,Somewhat Approve,No,No,No,Yes,Yes,Yes,No change,15217,No,Yes,Yes,25-34
10479824816,1/21/2019,1/21/2019,To little extent,Not familiar at all,Not sure,No,1,1,No effect,Neutral,Not sure,Not sure,Not sure,No,No,No,No change,15221,No,Yes,Yes,45-54
10479720656,1/21/2019,1/21/2019,To a moderate extent,Somewhat familiar,No,Yes,4,2,No effect,Approve,Not sure,Not sure,Yes,Yes,Yes,Yes,Somewhat more negative opinion,15207,Yes,Yes,Yes,35-44
10479600172,1/21/2019,1/21/2019,To a moderate extent,Mostly familiar,Yes,No,5,2,Significantly Better,Approve,Not sure,No,No,Yes,Yes,Yes,Significantly more positive opinion,15222,No,Yes,Yes,65+
10478988164,1/21/2019,1/21/2019,To some extent,Extremely familiar,No,Not sure,1,4,Slightly Worse,Disapprove,Yes,No,Yes,Not sure,Yes,Yes,Significantly more negative opinion,null,No,Yes,Yes,35-44
10478879801,1/20/2019,1/20/2019,To a large extent,Mostly familiar,Yes,Yes,3,null,Slightly Better,Approve,Yes,No,Yes,Yes,Yes,Yes,No change,15201,Yes,Yes,Yes,65+
10478823410,1/20/2019,1/20/2019,To some extent,Mostly familiar,No,Yes,3,3,Significantly Better,Neutral,Not sure,No,Not sure,Not sure,Yes,Not sure,Somewhat more negative opinion,15218,No,Yes,Yes,35-44
10478766902,1/20/2019,1/20/2019,To a large extent,Extremely familiar,Yes,Yes,5,3,Significantly Better,Approve,No,Not sure,No,No,No,Not sure,No change,15213,Yes,Yes,Yes,35-44
10478754657,1/20/2019,1/20/2019,To a moderate extent,Somewhat familiar,Yes,No,4,4,Slightly Better,Approve,Not sure,No,Yes,Yes,Yes,Yes,Somewhat more negative opinion,15232,No,Yes,Yes,35-44
10478625429,1/19/2019,1/20/2019,To a moderate extent,Extremely familiar,Yes,No,3,3,Significantly Better,Somewhat Approve,Yes,Yes,Yes,Yes,Yes,Yes,Significantly more negative opinion,15201,Yes,Yes,Yes,25-34
10478614471,1/20/2019,1/20/2019,To a moderate extent,Somewhat familiar,Not sure,Yes,3,2,No effect,Somewhat Disapprove,Yes,No,Yes,Yes,Yes,Yes,No change,15217,Not sure,Yes,Yes,55-64
10478603026,1/20/2019,1/20/2019,To a moderate extent,Somewhat familiar,Yes,Yes,5,4,Significantly Better,Approve,No,Yes,Yes,Yes,Yes,Yes,No change,15206,No,Yes,Yes,45-54
10478597397,1/20/2019,1/20/2019,To a moderate extent,Mostly familiar,Yes,Yes,1,1,Significantly Worse,Disapprove,Yes,Yes,Yes,Yes,Yes,Yes,Significantly more negative opinion,15213,Yes,Yes,Yes,25-34
10478597089,1/20/2019,1/20/2019,To a large extent,Mostly familiar,No,Yes,5,3,Slightly Better,Somewhat Approve,No,No,No,Yes,Yes,Yes,No change,15228,No,Yes,Yes,35-44
10478590910,1/20/2019,1/20/2019,To a moderate extent,Somewhat familiar,Yes,Yes,3,2,Slightly Better,Somewhat Disapprove,Not sure,Yes,Yes,Yes,Yes,Yes,Significantly more negative opinion,15205,Yes,Yes,Yes,35-44
10478518991,1/20/2019,1/20/2019,To a moderate extent,Mostly familiar,No,Yes,4,3,null,Approve,Not sure,Yes,Not sure,Yes,Yes,Yes,No change,15203,Yes,Yes,Yes,35-44
10478507470,1/20/2019,1/20/2019,To a moderate extent,Somewhat familiar,No,No,4,3,Slightly Better,Approve,No,Yes,No,Yes,Yes,Yes,No change,15217,Yes,Yes,Yes,35-44
10478491168,1/20/2019,1/20/2019,To a large extent,Not familiar at all,Yes,Yes,1,1,Significantly Worse,Disapprove,Yes,Yes,Yes,Yes,Yes,Yes,Significantly more negative opinion,15143,Not sure,Yes,No,55-64
10478382892,1/20/2019,1/20/2019,To a moderate extent,Extremely familiar,Not sure,Yes,3,3,Slightly Better,Approve,No,No,Not sure,Yes,Yes,Yes,Somewhat more negative opinion,15218,Yes,Yes,Yes,35-44
10478362786,1/20/2019,1/20/2019,To some extent,Somewhat familiar,No,No,4,2,Slightly Better,Neutral,Not sure,Not sure,Not sure,Yes,Not sure,Yes,No change,15090,Yes,Yes,Yes,45-54
10478353289,1/20/2019,1/20/2019,Not at all,Somewhat familiar,Yes,Yes,5,3,Slightly Better,Somewhat Approve,Yes,Not sure,Yes,Yes,Yes,Yes,No change,15201,No,Yes,Yes,25-34
10478257930,1/20/2019,1/20/2019,To a moderate extent,Mostly familiar,Not sure,No,5,2,Significantly Better,Approve,No,No,Yes,Yes,Yes,Yes,Somewhat more negative opinion,15116,Yes,Yes,Yes,45-54
10478058452,1/20/2019,1/20/2019,To a moderate extent,Somewhat familiar,Yes,Yes,1,2,Significantly Worse,Disapprove,Not sure,Yes,Yes,Yes,Yes,Yes,No change,15224,No,Yes,Yes,25-34
10477929509,1/19/2019,1/19/2019,To a moderate extent,Somewhat familiar,Yes,No,4,4,Significantly Better,Approve,Not sure,No,Not sure,Yes,Yes,Yes,No change,15212,Yes,Yes,Yes,55-64
10477878901,1/19/2019,1/19/2019,To a moderate extent,Somewhat familiar,Yes,Yes,4,3,Slightly Better,Approve,Yes,Not sure,Not sure,Yes,Yes,Yes,Somewhat more negative opinion,15218,Yes,Yes,Yes,45-54
10477830774,1/19/2019,1/19/2019,To a large extent,Somewhat familiar,Yes,Yes,5,3,Significantly Better,Approve,No,Yes,Yes,Not sure,Not sure,Yes,No change,15222,Not sure,Yes,Yes,55-64
10477789869,1/19/2019,1/19/2019,To little extent,Somewhat familiar,No,Yes,3,3,Slightly Better,Approve,Not sure,Not sure,No,Yes,Yes,Yes,No change,15217,No,Yes,Yes,65+
10477696427,1/19/2019,1/19/2019,To a moderate extent,Mostly familiar,No,No,2,3,Slightly Worse,Neutral,Yes,No,Yes,Yes,Yes,Yes,Somewhat more negative opinion,15133,No,Yes,Yes,45-54
10477683384,1/19/2019,1/19/2019,To a moderate extent,Mostly familiar,Not sure,Yes,5,3,Significantly Better,Approve,No,No,No,No,Not sure,Yes,Somewhat more positive opinion,15332,No,Yes,Yes,55-64
10477612696,1/19/2019,1/19/2019,To a moderate extent,Mostly familiar,No,Yes,3,3,Slightly Better,Neutral,Not sure,Yes,Yes,Yes,Yes,Yes,Somewhat more negative opinion,15210,No,Yes,Yes,18-24
10477559450,1/19/2019,1/19/2019,To a moderate extent,Mostly familiar,Yes,Yes,5,5,No effect,Approve,No,No,No,Yes,Yes,Yes,No change,15211,Not sure,Yes,Yes,25-34
10477529956,1/19/2019,1/19/2019,To a moderate extent,Mostly familiar,No,No,1,1,Significantly Worse,Disapprove,No,No,No,No,No,No,null,15658,No,Yes,Yes,55-64
10477409115,1/19/2019,1/19/2019,To a moderate extent,Somewhat familiar,Yes,No,2,2,Slightly Better,Somewhat Approve,No,No,No,No,Yes,Yes,Somewhat more negative opinion,15212,No,Yes,Yes,55-64
10477359284,1/19/2019,1/19/2019,To a moderate extent,Mostly familiar,No,Yes,4,4,Slightly Better,Approve,Not sure,No,No,Yes,Yes,Yes,No change,16059,Yes,Yes,Yes,55-64
10477358563,1/19/2019,1/19/2019,To a moderate extent,Somewhat familiar,No,Not sure,5,5,No effect,Approve,Yes,Not sure,Not sure,Not sure,Not sure,Not sure,No change,15108,No,Yes,Yes,25-34
10477345798,1/19/2019,1/19/2019,Not at all,Not familiar at all,Not sure,No,1,5,Significantly Worse,Neutral,No,No,Not sure,Yes,No,No,No change,15012,No,Yes,Yes,25-34
10477343666,1/19/2019,1/19/2019,To a moderate extent,Mostly familiar,Not sure,Yes,5,2,Significantly Better,Approve,No,Yes,No,Yes,Yes,Yes,No change,15212,No,Yes,Yes,25-34
10477332273,1/19/2019,1/19/2019,To a large extent,Extremely familiar,Yes,Yes,1,3,Significantly Worse,Somewhat Disapprove,Yes,No,Yes,Yes,Yes,Yes,Significantly more negative opinion,15301,Yes,Yes,Yes,65+
10477034601,1/19/2019,1/19/2019,To little extent,Mostly familiar,Yes,Yes,5,5,Slightly Better,Approve,No,No,No,Yes,Yes,Yes,No change,15208,No,Yes,Yes,35-44
10477033513,1/19/2019,1/19/2019,To a large extent,Extremely familiar,No,Yes,5,3,Significantly Better,Approve,No,Yes,Not sure,Not sure,Yes,Yes,No change,15201,No,Yes,Yes,25-34
10477032284,1/19/2019,1/19/2019,To a moderate extent,Somewhat familiar,No,No,5,5,No effect,Approve,No,No,No,No,No,No,No change,null,No,Yes,Yes,25-34
10477031566,1/19/2019,1/19/2019,To a moderate extent,Somewhat familiar,No,No,3,4,Slightly Worse,Somewhat Disapprove,Yes,Yes,Yes,Yes,Yes,Yes,Somewhat more negative opinion,15061,Yes,Yes,Yes,25-34
10476918085,1/18/2019,1/18/2019,To some extent,Somewhat familiar,Not sure,Yes,3,3,Slightly Better,Somewhat Disapprove,Yes,Not sure,Yes,Yes,Yes,Yes,Significantly more negative opinion,15066,Yes,Yes,Yes,35-44
10476841621,1/18/2019,1/18/2019,To little extent,Somewhat familiar,No,No,3,4,Slightly Worse,Neutral,Yes,Yes,Yes,Yes,null,Yes,Significantly more negative opinion,15201,No,Yes,Yes,65+
10476643602,1/18/2019,1/18/2019,To a large extent,Somewhat familiar,No,Yes,5,4,Slightly Better,Approve,Yes,Yes,Yes,No,No,No,No change,15201,No,Yes,Yes,65+
10476639049,1/18/2019,1/18/2019,To some extent,Somewhat familiar,No,No,1,1,No effect,Disapprove,Yes,Yes,Yes,No,Yes,Yes,Significantly more negative opinion,15204,No,Yes,Yes,35-44
10476542130,1/18/2019,1/18/2019,To little extent,Not familiar at all,Not sure,Not sure,2,3,Slightly Better,Somewhat Disapprove,Yes,Yes,No,No,Yes,Yes,Significantly more negative opinion,15216,No,Yes,Yes,35-44
10476540978,1/18/2019,1/18/2019,To a large extent,Extremely familiar,No,Yes,5,3,Significantly Better,Approve,No,Yes,Yes,Yes,Yes,Yes,No change,null,No,Yes,Yes,35-44
10476275889,1/18/2019,1/18/2019,To a large extent,Extremely familiar,Yes,Yes,1,4,No effect,Disapprove,Yes,Yes,Yes,Yes,Yes,Yes,No change,15213,Not sure,Yes,Yes,35-44
10476255986,1/18/2019,1/18/2019,To a large extent,Somewhat familiar,Yes,Yes,4,4,Significantly Better,Approve,No,No,No,Not sure,Not sure,No,No change,15212,No,Yes,Yes,25-34
10476197310,1/18/2019,1/18/2019,To a moderate extent,Somewhat familiar,Yes,No,5,2,Significantly Better,Approve,No,Not sure,Yes,Yes,Yes,Yes,No change,15217,No,Yes,Yes,35-44
10476039416,1/18/2019,1/18/2019,To a moderate extent,Somewhat familiar,Yes,Yes,5,2,Significantly Better,Approve,Yes,No,Yes,Yes,Yes,Yes,No change,15217,Yes,Yes,Yes,65+
10475943190,1/18/2019,1/18/2019,To a large extent,Extremely familiar,Yes,No,2,2,No effect,Disapprove,Yes,Yes,Yes,Yes,Yes,Yes,Significantly more negative opinion,15116,Yes,Yes,Yes,25-34
10475922327,1/18/2019,1/18/2019,To a moderate extent,Somewhat familiar,Not sure,Yes,5,3,Slightly Better,Approve,No,No,No,Not sure,Not sure,Not sure,No change,15216,Yes,Yes,Yes,55-64
10475906902,1/18/2019,1/18/2019,To a moderate extent,Mostly familiar,No,No,3,3,Slightly Better,Neutral,Yes,No,Yes,Yes,Yes,Yes,Somewhat more negative opinion,15221,Yes,Yes,Yes,25-34
10475874369,1/18/2019,1/18/2019,To some extent,Somewhat familiar,No,No,2,4,Slightly Worse,Neutral,Yes,No,Yes,Not sure,Yes,Yes,Significantly more negative opinion,15227,No,Yes,Yes,55-64
10475845751,1/18/2019,1/18/2019,To little extent,Somewhat familiar,No,Yes,3,2,Slightly Worse,Somewhat Disapprove,Not sure,Not sure,Not sure,No,No,No,Somewhat more negative opinion,15260,No,No,Yes,25-34
10475809106,1/18/2019,1/18/2019,To some extent,Not familiar at all,No,No,3,3,No effect,Neutral,Yes,Yes,Yes,Not sure,Yes,Yes,Somewhat more negative opinion,15201,No,Yes,No,55-64
10475802922,1/18/2019,1/18/2019,To a large extent,Somewhat familiar,No,Yes,5,4,Slightly Better,Approve,Yes,Yes,Yes,Yes,Yes,No,No change,15211,No,Yes,Yes,65+
10475748190,1/18/2019,1/18/2019,To a large extent,Somewhat familiar,Yes,Yes,3,3,Slightly Better,Somewhat Approve,Not sure,Yes,Not sure,Not sure,Not sure,Not sure,Somewhat more negative opinion,15201,No,Yes,Yes,35-44
10475611771,1/18/2019,1/18/2019,To a moderate extent,Mostly familiar,No,No,3,4,Slightly Worse,Somewhat Approve,No,No,Yes,Yes,Yes,Yes,Somewhat more negative opinion,15237,Not sure,Yes,Yes,55-64
10475548746,1/18/2019,1/18/2019,To a large extent,Extremely familiar,Yes,No,4,3,Slightly Better,Neutral,Not sure,Yes,Yes,Yes,Yes,Yes,Somewhat more negative opinion,15232,No,Yes,Yes,18-24
10475545295,1/18/2019,1/18/2019,To a large extent,Extremely familiar,No,No,1,4,No effect,Disapprove,No,Not sure,Yes,Yes,Yes,Yes,Significantly more negative opinion,48104,No,Yes,Yes,65+
10475516560,1/18/2019,1/18/2019,To a large extent,Mostly familiar,No,Yes,3,5,Significantly Worse,Somewhat Disapprove,Yes,Yes,Yes,Yes,Yes,Yes,Significantly more negative opinion,15210,No,Yes,Yes,35-44
10475220185,1/18/2019,1/18/2019,To a large extent,Mostly familiar,Yes,Yes,4,4,Slightly Better,Somewhat Approve,No,No,No,No,No,No,No change,15024,Yes,Yes,Yes,55-64
10475199457,1/18/2019,1/18/2019,To a large extent,Extremely familiar,Yes,Yes,4,3,Significantly Better,Approve,No,Yes,No,Yes,Yes,No,Somewhat more negative opinion,null,No,Yes,Yes,25-34
10475143127,1/18/2019,1/18/2019,To a large extent,Mostly familiar,Yes,No,5,1,Significantly Better,Approve,Yes,No,No,Yes,Yes,Yes,No change,15212,Not sure,Yes,Yes,35-44
10475138416,1/18/2019,1/18/2019,To a moderate extent,Not familiar at all,No,No,2,3,Significantly Worse,Disapprove,No,Yes,Yes,Yes,Yes,Yes,Significantly more negative opinion,15223,No,Yes,Yes,65+
10474781328,1/18/2019,1/18/2019,To some extent,Not familiar at all,No,No,3,2,Slightly Better,Approve,Not sure,Yes,Yes,Yes,Yes,Yes,No change,16146,Yes,Yes,Yes,55-64
10474677858,1/17/2019,1/17/2019,To some extent,Mostly familiar,Yes,Yes,3,4,Significantly Better,Somewhat Approve,No,No,Yes,Yes,Yes,Yes,No change,15217,Yes,Yes,Yes,35-44
10474667183,1/17/2019,1/17/2019,To a large extent,Extremely familiar,No,No,4,3,Significantly Better,Approve,Not sure,Not sure,Yes,Yes,Yes,Yes,No change,15221,Yes,Yes,Yes,45-54
10474660158,1/17/2019,1/17/2019,To a moderate extent,Mostly familiar,No,No,1,3,Significantly Worse,Disapprove,Yes,Yes,Yes,Yes,Yes,Yes,No change,15251,No,Yes,Yes,18-24
10474606218,1/17/2019,1/17/2019,To a large extent,Mostly familiar,No,Yes,5,3,Significantly Better,Somewhat Approve,Not sure,Yes,No,Yes,Yes,Yes,Somewhat more negative opinion,15133,No,Yes,Yes,35-44
10474601573,1/17/2019,1/17/2019,To a moderate extent,Mostly familiar,Yes,Yes,5,2,Significantly Better,Approve,No,Not sure,No,Yes,Not sure,Not sure,No change,15228,Not sure,Yes,Yes,55-64
10474593451,1/17/2019,1/17/2019,To a large extent,Mostly familiar,No,Yes,3,2,Slightly Better,Somewhat Approve,No,Not sure,Yes,Not sure,Yes,Yes,Somewhat more negative opinion,15209,No,Yes,Yes,35-44
10474584220,1/17/2019,1/17/2019,To some extent,Somewhat familiar,Yes,Yes,5,2,Significantly Better,Approve,Not sure,Not sure,Not sure,Yes,Yes,Yes,No change,15201,Yes,Yes,Yes,65+
10474565263,1/17/2019,1/17/2019,To a large extent,Mostly familiar,Yes,Yes,4,2,Significantly Better,Somewhat Disapprove,Yes,No,Not sure,Yes,Yes,Yes,No change,15201,Yes,Yes,Yes,25-34
10474544997,1/17/2019,1/17/2019,To some extent,Somewhat familiar,Yes,No,4,3,No effect,Approve,Not sure,No,Yes,Yes,Yes,Yes,No change,15206,Yes,Yes,Yes,55-64
10474492559,1/17/2019,1/17/2019,To a large extent,Mostly familiar,Not sure,Not sure,1,3,Significantly Worse,Disapprove,Yes,Yes,Yes,Yes,Yes,Yes,Significantly more negative opinion,15212,No,No,No,65+
10474445555,1/17/2019,1/17/2019,To a moderate extent,Somewhat familiar,Not sure,Not sure,4,3,Significantly Better,Somewhat Approve,Not sure,No,Yes,Yes,Yes,Yes,No change,15207,Not sure,Yes,Yes,35-44
10474445397,1/17/2019,1/17/2019,To some extent,Somewhat familiar,Yes,Yes,4,3,Significantly Better,Approve,Not sure,Yes,No,Not sure,Not sure,Yes,No change,15217,Yes,Yes,Yes,45-54
10474442804,1/17/2019,1/17/2019,To a moderate extent,Somewhat familiar,Not sure,Not sure,3,3,No effect,Somewhat Approve,Yes,No,Yes,No,No,Yes,No change,null,Yes,Yes,Yes,45-54
10474415647,1/17/2019,1/17/2019,To some extent,Mostly familiar,Yes,No,5,3,Slightly Better,Somewhat Approve,No,No,Yes,Not sure,Yes,Yes,No change,15217,Yes,Yes,Yes,55-64
10474369668,1/17/2019,1/17/2019,To a moderate extent,Somewhat familiar,No,Not sure,4,4,Slightly Better,Neutral,Not sure,No,No,No,Yes,Yes,Somewhat more negative opinion,null,null,Yes,Yes,55-64
10474357469,1/17/2019,1/17/2019,To a moderate extent,Somewhat familiar,Yes,No,4,1,Significantly Better,Approve,Yes,Yes,Yes,Yes,Yes,Yes,Somewhat more negative opinion,15201,No,Yes,Yes,35-44
10474280038,1/17/2019,1/17/2019,To some extent,Not familiar at all,No,Yes,4,3,Slightly Better,Approve,Yes,No,Yes,Yes,Yes,Yes,No change,15203,Yes,Yes,Yes,25-34
10474232150,1/17/2019,1/17/2019,To a large extent,Mostly familiar,Yes,Yes,3,3,No effect,Somewhat Disapprove,Yes,Not sure,Yes,Yes,Yes,Yes,Significantly more negative opinion,15233,Not sure,No,Yes,35-44
10474185916,1/17/2019,1/17/2019,To some extent,Somewhat familiar,No,No,4,4,Slightly Worse,Somewhat Disapprove,Yes,Not sure,Yes,Yes,Yes,Yes,Significantly more negative opinion,1241,No,null,null,null
10474162854,1/17/2019,1/17/2019,To a large extent,Mostly familiar,Not sure,No,4,4,Slightly Better,Somewhat Approve,No,No,Yes,Yes,Yes,Yes,Somewhat more negative opinion,15217,No,Yes,Yes,65+
10474078707,1/17/2019,1/17/2019,To some extent,Somewhat familiar,Not sure,Yes,2,3,Slightly Worse,Somewhat Approve,Yes,No,No,Yes,Yes,Yes,No change,15116,No,Yes,Yes,55-64
10474072152,1/17/2019,1/17/2019,To some extent,Somewhat familiar,Not sure,Not sure,2,3,Slightly Worse,Somewhat Disapprove,Yes,Not sure,Yes,No,Yes,Yes,Somewhat more negative opinion,16150,Yes,Yes,Yes,45-54
10474061098,1/17/2019,1/17/2019,To a large extent,Extremely familiar,Yes,Yes,5,2,Significantly Better,Approve,Not sure,Not sure,Not sure,Yes,Yes,Yes,Somewhat more negative opinion,15243,No,Yes,Yes,45-54
10474054034,1/17/2019,1/17/2019,To a large extent,Extremely familiar,Yes,Yes,5,2,Significantly Better,Approve,No,No,No,No,No,No,No change,15212,Yes,Yes,Yes,35-44
10474007895,1/17/2019,1/17/2019,To a large extent,Extremely familiar,Yes,Yes,5,4,Significantly Better,Somewhat Approve,No,No,Yes,Yes,Yes,Yes,Somewhat more negative opinion,15201,Yes,Yes,Yes,35-44
10473998576,1/17/2019,1/17/2019,To a large extent,Extremely familiar,Yes,Yes,5,4,Significantly Better,Approve,Not sure,No,No,No,No,Yes,Somewhat more negative opinion,15222,No,Yes,Yes,25-34
10473942146,1/17/2019,1/17/2019,To a large extent,Extremely familiar,Yes,Yes,4,2,Significantly Better,Approve,No,Yes,Not sure,No,No,Yes,Somewhat more negative opinion,15206,No,Yes,Yes,45-54
10473933583,1/17/2019,1/17/2019,To a large extent,Extremely familiar,Yes,Yes,5,4,Significantly Better,Approve,No,Yes,No,No,No,Yes,No change,15201,No,Yes,Yes,25-34
10473916953,1/17/2019,1/17/2019,To a large extent,Extremely familiar,No,Yes,4,3,Significantly Better,Approve,Not sure,Yes,No,Yes,Yes,Yes,No change,15232,No,Yes,Yes,25-34
10473915731,1/17/2019,1/17/2019,To a large extent,Extremely familiar,No,No,3,4,Significantly Better,Approve,Not sure,Yes,Yes,Not sure,Yes,Yes,Somewhat more negative opinion,null,No,Yes,Yes,35-44
10473912499,1/17/2019,1/17/2019,To a moderate extent,Mostly familiar,Yes,No,3,3,Slightly Better,Somewhat Approve,Yes,No,Not sure,Yes,Yes,Yes,Somewhat more negative opinion,15065,No,Yes,Yes,55-64
10473903188,1/17/2019,1/17/2019,To a large extent,Extremely familiar,Not sure,Yes,4,3,Slightly Better,Approve,No,No,Yes,Yes,Yes,No,No change,15212,Yes,Yes,Yes,55-64
10473898371,1/17/2019,1/17/2019,To a large extent,Extremely familiar,Yes,Yes,4,3,Significantly Better,Approve,No,Yes,No,Yes,No,No,No change,15224,No,Yes,Yes,18-24
10473893251,1/17/2019,1/17/2019,To a large extent,Somewhat familiar,No,Yes,5,3,Significantly Better,Approve,null,Yes,No,No,Yes,Yes,No change,15217,No,Yes,Yes,45-54
10473883852,1/17/2019,1/17/2019,To a large extent,Mostly familiar,Yes,Yes,4,2,Significantly Better,Approve,Not sure,Not sure,No,No,No,No,Somewhat more negative opinion,15057,No,Yes,Yes,55-64
10473848130,1/17/2019,1/17/2019,To a large extent,Extremely familiar,Yes,Yes,4,2,Significantly Better,Approve,Not sure,No,No,Yes,Not sure,No,Somewhat more negative opinion,15222,No,No,Yes,25-34
10473843349,1/17/2019,1/17/2019,To a large extent,Extremely familiar,Not sure,No,5,3,Significantly Better,Approve,No,Yes,Not sure,No,Not sure,Yes,No change,null,No,Yes,Yes,25-34
10473841789,1/17/2019,1/17/2019,To little extent,Somewhat familiar,Yes,Yes,3,2,Significantly Better,Somewhat Approve,Yes,Yes,No,Yes,Yes,Yes,No change,15203,Not sure,Yes,Yes,45-54
10473841618,1/17/2019,1/17/2019,To a large extent,Extremely familiar,No,Yes,5,3,Significantly Better,Approve,No,Yes,Yes,No,No,Yes,No change,15224,No,Yes,Yes,25-34
10473839543,1/17/2019,1/17/2019,To a large extent,Extremely familiar,Not sure,No,3,2,Slightly Better,Approve,Yes,Yes,Yes,No,No,Yes,Somewhat more negative opinion,15217,No,Yes,Yes,25-34
10473829158,1/17/2019,1/17/2019,To a moderate extent,Extremely familiar,Not sure,Yes,5,3,Significantly Better,Approve,No,Yes,Yes,Not sure,Yes,Not sure,No change,15218,No,Yes,Yes,25-34
10473827445,1/17/2019,1/17/2019,To a large extent,Extremely familiar,Yes,Yes,4,4,Slightly Better,Somewhat Approve,Not sure,Not sure,No,Yes,Not sure,Yes,No change,15201,No,Yes,Yes,25-34
10473817850,1/17/2019,1/17/2019,To a moderate extent,Mostly familiar,Yes,Yes,5,2,Significantly Better,Approve,No,Not sure,No,Not sure,No,No,No change,null,Yes,Yes,Yes,25-34
10473805142,1/17/2019,1/17/2019,To a large extent,Extremely familiar,No,No,4,2,Significantly Better,Approve,Yes,Not sure,No,Yes,Yes,Yes,Somewhat more negative opinion,15217,Yes,Yes,Yes,45-54
10473803668,1/17/2019,1/17/2019,To a large extent,Extremely familiar,No,No,5,3,Significantly Better,Approve,No,No,Yes,No,Yes,No,No change,null,Not sure,Yes,Yes,18-24
10473795299,1/17/2019,1/17/2019,To a large extent,Mostly familiar,Yes,Yes,4,1,Significantly Better,Somewhat Approve,Yes,Yes,Yes,Yes,Yes,Yes,Somewhat more negative opinion,15221,No,Yes,Yes,45-54
10473794910,1/17/2019,1/17/2019,To a large extent,Extremely familiar,No,No,5,5,Slightly Better,Approve,No,Yes,Yes,Not sure,Yes,Not sure,No change,15222,No,Yes,Yes,25-34
10473790521,1/17/2019,1/17/2019,To a large extent,Extremely familiar,Yes,Yes,5,4,Significantly Better,Approve,No,Yes,Yes,No,Yes,Yes,Somewhat more negative opinion,15206,Yes,No,Yes,18-24
10473786287,1/17/2019,1/17/2019,To a large extent,Mostly familiar,Yes,Yes,5,3,Significantly Better,Approve,No,No,Yes,Yes,Not sure,Yes,No change,15201,Not sure,Yes,Yes,25-34
10473786049,1/17/2019,1/17/2019,To a large extent,Extremely familiar,No,No,4,2,Significantly Better,Somewhat Approve,Yes,Yes,Yes,Yes,Yes,Yes,No change,null,No,Yes,Yes,25-34
10473785857,1/17/2019,1/17/2019,To a large extent,Extremely familiar,No,Yes,4,2,Significantly Better,Approve,No,No,No,Yes,Not sure,Yes,No change,15201,No,Yes,Yes,25-34
10473783281,1/17/2019,1/17/2019,To a large extent,Extremely familiar,No,Yes,4,2,Significantly Better,Approve,No,Not sure,Not sure,Yes,Yes,Yes,No change,15201,No,No,Yes,25-34
10473779296,1/17/2019,1/17/2019,To a large extent,Extremely familiar,Yes,No,4,3,Significantly Better,Approve,No,No,No,No,Yes,Yes,Significantly more positive opinion,15219,No,Yes,Yes,18-24
10473770067,1/17/2019,1/17/2019,To a moderate extent,Somewhat familiar,Yes,No,5,3,Slightly Better,Approve,Yes,Not sure,Yes,Not sure,Yes,Yes,No change,15201,Yes,Yes,Yes,35-44
10473767294,1/17/2019,1/17/2019,To a large extent,Mostly familiar,No,Yes,4,3,Slightly Better,Approve,No,Yes,Yes,No,Yes,No,Somewhat more positive opinion,15206,Yes,Yes,Yes,35-44
10473753329,1/17/2019,1/17/2019,To a large extent,Mostly familiar,Yes,Yes,5,2,Significantly Better,Approve,No,Not sure,Not sure,Not sure,Yes,Yes,No change,15211,Yes,Yes,Yes,25-34
10473674801,1/17/2019,1/17/2019,To a moderate extent,Somewhat familiar,No,No,3,2,No effect,Somewhat Approve,No,No,Not sure,Yes,Yes,Yes,Somewhat more negative opinion,16001,Not sure,Yes,Yes,55-64
10473634043,1/17/2019,1/17/2019,To a moderate extent,Mostly familiar,No,Yes,5,2,Significantly Better,Approve,No,No,Yes,No,No,Yes,No change,15668,Yes,Yes,Yes,55-64
10473590511,1/17/2019,1/17/2019,To a moderate extent,Mostly familiar,No,Yes,4,3,Significantly Better,Somewhat Approve,Not sure,No,Not sure,Yes,Yes,Yes,No change,15217,Yes,Yes,Yes,65+
10473587434,1/17/2019,1/17/2019,To a large extent,Mostly familiar,Yes,Yes,4,1,Significantly Better,Approve,Not sure,Yes,Yes,Yes,Yes,Yes,Somewhat more negative opinion,15234,No,Yes,Yes,25-34
10473574203,1/17/2019,1/17/2019,To little extent,Somewhat familiar,No,No,4,1,Slightly Worse,Approve,No,No,Yes,No,Yes,Yes,No change,15147,Yes,Yes,No,65+
10473496228,1/17/2019,1/17/2019,To a large extent,Mostly familiar,No,No,3,3,Slightly Better,Somewhat Approve,Yes,Yes,Yes,Yes,Yes,Yes,No change,15241,No,Yes,Yes,45-54
10473462794,1/17/2019,1/17/2019,To some extent,Somewhat familiar,Yes,Yes,4,2,Significantly Better,Approve,Not sure,Yes,Yes,Yes,Yes,Yes,No change,15212,Yes,Yes,Yes,35-44
10473441008,1/17/2019,1/17/2019,To a large extent,Extremely familiar,Yes,Yes,5,4,No effect,Approve,No,No,No,No,Yes,Not sure,No change,16066,Yes,Yes,Yes,45-54
10473430861,1/17/2019,1/17/2019,To a large extent,Mostly familiar,Yes,Yes,5,1,Significantly Better,Approve,Yes,Yes,No,Yes,Yes,Yes,No change,15232,No,Yes,Yes,25-34
10473429732,1/17/2019,1/17/2019,To a large extent,Extremely familiar,Yes,Yes,5,3,Significantly Better,Approve,No,No,No,Yes,Yes,Not sure,No change,15236,Yes,Yes,Yes,45-54
10473427146,1/17/2019,1/17/2019,To some extent,Somewhat familiar,No,Yes,5,2,Significantly Better,Approve,No,Not sure,Not sure,Yes,Yes,Yes,No change,15216,Not sure,Yes,Yes,25-34
10473357546,1/17/2019,1/17/2019,To a large extent,Extremely familiar,No,Yes,5,3,Significantly Better,Approve,No,No,No,Yes,Yes,Yes,No change,15203,Not sure,Yes,Yes,25-34
10473345772,1/17/2019,1/17/2019,To a large extent,Extremely familiar,No,Yes,4,2,Significantly Better,Approve,Yes,Yes,Yes,Yes,Not sure,Yes,No change,15217,Yes,Yes,Yes,45-54
10473331984,1/17/2019,1/17/2019,To some extent,Not familiar at all,Not sure,No,1,5,Slightly Worse,Approve,Yes,Not sure,Yes,Yes,Yes,Yes,No change,15206,No,Yes,Yes,55-64
10473270444,1/17/2019,1/17/2019,To a large extent,Mostly familiar,Yes,Yes,5,1,Significantly Better,Approve,Not sure,No,No,Yes,Yes,Yes,No change,15224,No,Yes,Yes,25-34
10473254464,1/17/2019,1/17/2019,To little extent,Somewhat familiar,No,Yes,2,2,Slightly Worse,Somewhat Disapprove,Yes,Not sure,Not sure,Yes,Yes,Yes,Somewhat more negative opinion,15221,No,Yes,Yes,25-34
10473208813,1/17/2019,1/17/2019,To a moderate extent,Mostly familiar,No,Yes,3,2,Slightly Better,Somewhat Approve,Yes,No,Not sure,Yes,Yes,Yes,Somewhat more negative opinion,15211,Yes,Yes,Yes,35-44
10473171294,1/17/2019,1/17/2019,To some extent,Somewhat familiar,Not sure,No,3,1,Significantly Better,Approve,No,Not sure,Not sure,Yes,Yes,Yes,No change,15202,No,Yes,Yes,45-54
10473157692,1/17/2019,1/17/2019,To a moderate extent,Somewhat familiar,Yes,No,3,3,No effect,Somewhat Approve,Yes,Yes,Not sure,Yes,Yes,Yes,Somewhat more negative opinion,15221,Yes,Yes,Yes,45-54
10473128227,1/17/2019,1/17/2019,To a large extent,Mostly familiar,Yes,Yes,5,2,Significantly Better,Approve,No,Not sure,No,Yes,No,No,No change,15217,No,Yes,Yes,45-54
10473084943,1/17/2019,1/17/2019,To some extent,Somewhat familiar,Yes,No,4,3,No effect,Somewhat Approve,Not sure,No,Not sure,Not sure,Not sure,Not sure,No change,15116,No,Yes,Yes,25-34
10473084634,1/17/2019,1/17/2019,To some extent,Somewhat familiar,Yes,Yes,5,2,Significantly Better,Somewhat Approve,Yes,Not sure,Yes,Yes,Yes,Yes,No change,15217,Yes,Yes,Yes,35-44
10473067855,1/17/2019,1/17/2019,To a large extent,Mostly familiar,Yes,Not sure,4,3,Significantly Better,Somewhat Approve,Yes,No,Yes,Yes,Yes,Yes,No change,15201,Yes,Yes,Yes,35-44
10473060136,1/17/2019,1/17/2019,To a moderate extent,Somewhat familiar,No,No,1,3,Significantly Worse,Disapprove,Yes,Yes,Yes,Yes,Yes,Yes,Significantly more negative opinion,15626,Yes,Yes,Yes,55-64
10473058413,1/17/2019,1/17/2019,To a large extent,Extremely familiar,Yes,No,3,3,Slightly Better,Neutral,Not sure,Yes,Not sure,Yes,Yes,Yes,No change,15217,Yes,Yes,Yes,35-44
10473049991,1/17/2019,1/17/2019,To a moderate extent,Somewhat familiar,No,No,4,3,Significantly Better,Approve,No,Not sure,Yes,Yes,Yes,Yes,No change,81632,No,Yes,Yes,65+
10473044055,1/17/2019,1/17/2019,To little extent,Somewhat familiar,Yes,No,4,3,Slightly Better,Approve,Yes,Yes,Not sure,Yes,Yes,Yes,Somewhat more negative opinion,15232,No,Yes,Yes,25-34
10473033256,1/17/2019,1/17/2019,To a large extent,Extremely familiar,Yes,Yes,3,4,Slightly Better,Somewhat Approve,Not sure,Yes,Not sure,Not sure,Yes,Yes,No change,null,No,Yes,Yes,35-44
10473024205,1/17/2019,1/17/2019,To some extent,Somewhat familiar,No,No,5,2,Significantly Better,Approve,Yes,Yes,No,Yes,Yes,Yes,No change,15129,Yes,Yes,Yes,65+
10473004650,1/17/2019,1/17/2019,To little extent,Not familiar at all,Not sure,Not sure,3,3,Slightly Worse,Somewhat Disapprove,Not sure,Yes,Yes,Yes,Yes,Yes,Somewhat more negative opinion,15214,Yes,Yes,Yes,25-34
10472996224,1/17/2019,1/17/2019,To a large extent,Somewhat familiar,Yes,Yes,5,4,Significantly Better,Approve,No,No,Not sure,Not sure,Yes,Yes,No change,15217,Yes,Yes,Yes,65+
10472970883,1/17/2019,1/17/2019,Not at all,Somewhat familiar,Not sure,Not sure,3,3,No effect,Somewhat Approve,No,No,Yes,Yes,Yes,Yes,No change,15219,Not sure,Yes,Yes,45-54
10472954462,1/17/2019,1/17/2019,To some extent,Somewhat familiar,Not sure,Yes,4,4,Slightly Better,Approve,No,No,No,Yes,Yes,Yes,No change,15206,Yes,Yes,Yes,45-54
10472921277,1/17/2019,1/17/2019,To a moderate extent,Somewhat familiar,No,No,1,4,Significantly Worse,Disapprove,No,Yes,No,Yes,Yes,Yes,Significantly more negative opinion,15212,No,Yes,Yes,45-54
10472916982,1/17/2019,1/17/2019,To some extent,Not familiar at all,Yes,Yes,3,3,No effect,Neutral,Not sure,Yes,Not sure,Yes,Yes,Yes,No change,15212,No,Yes,Yes,25-34
10472916808,1/17/2019,1/17/2019,To some extent,Somewhat familiar,Yes,No,3,2,Slightly Better,Somewhat Approve,Not sure,Yes,No,Yes,Not sure,Yes,No change,15201,No,Yes,Yes,25-34
10472911560,1/17/2019,1/17/2019,To some extent,Somewhat familiar,Yes,Yes,4,4,Slightly Better,Neutral,Yes,Yes,No,Yes,Yes,Yes,No change,15223,Yes,Yes,Yes,55-64
10472908225,1/17/2019,1/17/2019,To some extent,Somewhat familiar,Yes,Yes,4,3,No effect,Neutral,Not sure,Not sure,Not sure,Yes,Yes,Not sure,No change,15206,No,Yes,Yes,35-44
10472907808,1/17/2019,1/17/2019,To some extent,Somewhat familiar,Yes,Yes,4,3,Significantly Better,Approve,No,No,No,Yes,Yes,Yes,Somewhat more negative opinion,15201,Yes,Yes,Yes,25-34
10472897752,1/17/2019,1/17/2019,To a large extent,Somewhat familiar,No,Yes,4,3,Slightly Better,Neutral,Yes,null,Yes,Yes,Yes,Yes,Significantly more negative opinion,15216,No,Yes,Yes,55-64
10472894031,1/17/2019,1/17/2019,To some extent,Somewhat familiar,Yes,No,4,4,Slightly Better,Somewhat Disapprove,Yes,No,Not sure,Yes,Yes,Yes,No change,15212,Not sure,Yes,Yes,35-44
10472889853,1/17/2019,1/17/2019,To a large extent,Mostly familiar,Yes,Yes,5,2,Significantly Better,Approve,Not sure,Not sure,No,Yes,Yes,Yes,No change,15317,Yes,Yes,Yes,35-44
10472886302,1/17/2019,1/17/2019,To a moderate extent,Extremely familiar,Yes,Yes,1,4,Significantly Worse,Disapprove,Yes,Yes,Yes,Yes,Yes,Yes,Significantly more negative opinion,15229,No,Yes,Yes,45-54
10472883936,1/17/2019,1/17/2019,To a moderate extent,Mostly familiar,Not sure,Yes,3,3,Slightly Better,Neutral,Yes,Not sure,Yes,Yes,Yes,Yes,No change,15147,No,Yes,Yes,55-64
10472875667,1/17/2019,1/17/2019,To a moderate extent,Somewhat familiar,No,No,3,3,Significantly Better,Somewhat Approve,No,No,No,Not sure,Yes,Yes,No change,15122,No,Yes,Yes,45-54
10472872976,1/17/2019,1/17/2019,To a large extent,Somewhat familiar,No,Yes,5,2,Significantly Better,Approve,No,No,Not sure,Yes,Yes,Yes,No change,15090,Yes,Yes,Yes,55-64
10472871001,1/17/2019,1/17/2019,To a moderate extent,Somewhat familiar,null,No,3,3,Slightly Better,Neutral,Not sure,No,Not sure,Yes,Yes,Yes,Somewhat more negative opinion,15001,No,Yes,No,65+
10472858816,1/17/2019,1/17/2019,To little extent,Not familiar at all,No,Yes,3,3,No effect,Neutral,Not sure,Not sure,Yes,Yes,Yes,Yes,No change,15104,No,Yes,Yes,25-34
10472850677,1/17/2019,1/17/2019,To some extent,Mostly familiar,Yes,Yes,4,3,Slightly Better,Neutral,Not sure,Yes,Yes,Yes,Yes,Yes,Somewhat more negative opinion,15206,No,Yes,Yes,35-44
10472828521,1/17/2019,1/17/2019,To a large extent,Mostly familiar,Not sure,Yes,4,2,Significantly Better,Approve,Yes,No,Yes,Yes,Yes,Yes,Somewhat more negative opinion,15216,Yes,Yes,Yes,45-54
10472810201,1/17/2019,1/17/2019,To a moderate extent,Somewhat familiar,Yes,Yes,4,3,Slightly Better,Somewhat Disapprove,Yes,Yes,Not sure,Yes,Yes,Yes,Somewhat more negative opinion,15206,Yes,Yes,Yes,35-44
10472802773,1/17/2019,1/17/2019,To a moderate extent,Somewhat familiar,Not sure,No,3,2,Slightly Worse,Neutral,Not sure,Yes,Yes,Yes,Yes,Yes,No change,15215,Not sure,Yes,Yes,55-64
10472801388,1/17/2019,1/17/2019,To a moderate extent,Somewhat familiar,Yes,No,2,1,Slightly Better,Somewhat Disapprove,Yes,Yes,Yes,Yes,Yes,Yes,Somewhat more negative opinion,15224,Yes,Yes,Yes,35-44
10472801045,1/17/2019,1/17/2019,To a moderate extent,Somewhat familiar,Yes,Yes,3,3,Significantly Better,Approve,Not sure,Not sure,Yes,Not sure,Yes,Yes,null,null,Yes,Yes,Yes,55-64
10472794119,1/17/2019,1/17/2019,To a moderate extent,Somewhat familiar,No,Yes,3,2,Slightly Worse,Neutral,No,No,Not sure,Yes,Yes,Yes,No change,15219,Yes,Yes,Yes,55-64
10472779191,1/17/2019,1/17/2019,To some extent,Somewhat familiar,No,No,3,2,Slightly Better,Somewhat Approve,Yes,Yes,Yes,Yes,Yes,Yes,Somewhat more negative opinion,15217,No,Yes,Yes,35-44
10472765777,1/17/2019,1/17/2019,To a moderate extent,Somewhat familiar,Yes,Yes,3,2,Significantly Better,Somewhat Approve,Yes,Yes,Yes,Yes,Yes,Yes,Somewhat more negative opinion,15147,Yes,Yes,Yes,35-44
10472706788,1/17/2019,1/17/2019,To a large extent,Extremely familiar,Yes,No,5,3,Significantly Better,Approve,Not sure,No,Not sure,No,Yes,Yes,No change,15136,No,Yes,Yes,45-54
10472686445,1/17/2019,1/17/2019,To some extent,Somewhat familiar,Yes,Yes,4,3,Significantly Better,Approve,No,Not sure,Yes,Yes,Yes,Yes,No change,15222,Yes,No,Yes,25-34
10472672356,1/17/2019,1/17/2019,To a large extent,Somewhat familiar,No,Yes,3,1,No effect,Approve,Not sure,Yes,Yes,Not sure,Not sure,Not sure,No change,15217,No,Yes,No,55-64
10472662243,1/17/2019,1/17/2019,To some extent,Mostly familiar,Yes,Yes,5,4,Slightly Better,Approve,Yes,No,No,Yes,Yes,Yes,No change,15206,Yes,Yes,Yes,45-54
10472655599,1/17/2019,1/17/2019,To a moderate extent,Mostly familiar,Yes,Yes,3,2,Slightly Better,Somewhat Approve,Yes,Not sure,Not sure,Yes,Yes,Yes,Significantly more negative opinion,15122,Yes,Yes,Yes,55-64
10472645448,1/17/2019,1/17/2019,To a moderate extent,Somewhat familiar,Not sure,Yes,4,4,Significantly Better,Approve,No,Not sure,Yes,Yes,Yes,Yes,No change,15221,Yes,Yes,Yes,65+
10472551821,1/17/2019,1/17/2019,To some extent,Somewhat familiar,Yes,No,4,3,Slightly Better,Somewhat Approve,Yes,Not sure,No,Yes,Yes,Yes,Somewhat more negative opinion,15212,Yes,Yes,Yes,35-44
10472513365,1/17/2019,1/17/2019,To a large extent,Mostly familiar,Yes,Yes,5,1,null,Approve,No,No,Not sure,Not sure,Yes,Not sure,No change,15102,Yes,Yes,Yes,55-64
10472374692,1/17/2019,1/17/2019,To a large extent,Extremely familiar,Yes,Yes,1,3,Significantly Better,Approve,No,No,Not sure,Yes,Yes,Not sure,No change,15213,Yes,Yes,Yes,55-64
10472308490,1/17/2019,1/17/2019,To a moderate extent,Somewhat familiar,No,No,1,2,Slightly Worse,Disapprove,Yes,Yes,Yes,Yes,Yes,Yes,Significantly more negative opinion,15203,No,Yes,Yes,65+
10472195964,1/17/2019,1/17/2019,To a large extent,Mostly familiar,No,Yes,5,1,Significantly Better,Approve,No,No,No,Yes,Yes,Yes,No change,15101,No,Yes,Yes,35-44
10472179069,1/17/2019,1/17/2019,To a large extent,Mostly familiar,Yes,Yes,5,3,Significantly Better,Approve,No,Yes,No,Yes,Yes,Yes,No change,15222,No,Yes,Yes,55-64
10472171552,1/16/2019,1/17/2019,Not at all,Not familiar at all,No,Not sure,3,2,Slightly Better,Approve,No,No,Yes,Yes,Not sure,Not sure,No change,15223,No,Yes,Yes,25-34
10472146569,1/16/2019,1/16/2019,To a large extent,Mostly familiar,Yes,Not sure,3,2,Significantly Worse,Somewhat Disapprove,Yes,Yes,Yes,Yes,Yes,Yes,Significantly more negative opinion,15206,Yes,Yes,Yes,55-64
10472146531,1/16/2019,1/16/2019,To a large extent,Mostly familiar,Yes,Yes,2,2,null,Disapprove,null,Yes,Yes,Yes,Yes,Yes,Significantly more negative opinion,15224,Yes,Yes,Yes,25-34
10472145412,1/16/2019,1/16/2019,To a large extent,Extremely familiar,Yes,No,5,3,Significantly Better,Approve,No,No,No,No,No,No,No change,16001,Yes,Yes,Yes,45-54
10472140447,1/16/2019,1/16/2019,To some extent,Somewhat familiar,Yes,Yes,3,3,Slightly Better,Somewhat Disapprove,Yes,Yes,Yes,Yes,Yes,Yes,Significantly more negative opinion,15216,Yes,Yes,Yes,35-44
10472120670,1/16/2019,1/16/2019,To a moderate extent,Somewhat familiar,Not sure,Not sure,1,3,Significantly Worse,Disapprove,Yes,Not sure,Yes,Yes,Yes,Yes,Significantly more negative opinion,null,No,Yes,Yes,55-64
10472101672,1/16/2019,1/16/2019,To a moderate extent,Extremely familiar,Yes,No,4,5,Slightly Better,Somewhat Approve,No,No,Yes,Not sure,Yes,No,No change,15222,Yes,Yes,Yes,55-64
10472100205,1/16/2019,1/16/2019,To some extent,Not familiar at all,Yes,No,5,3,Slightly Better,Approve,No,No,Yes,Yes,Yes,Yes,No change,15234,Yes,Yes,Yes,55-64
10472091694,1/16/2019,1/16/2019,To a moderate extent,Extremely familiar,No,No,3,2,No effect,Approve,No,Yes,No,No,No,Yes,Somewhat more negative opinion,15239,Yes,Yes,Yes,55-64
10472078544,1/16/2019,1/16/2019,To some extent,Somewhat familiar,No,No,3,3,No effect,Somewhat Approve,Yes,No,Yes,Yes,Yes,Yes,Somewhat more negative opinion,15215,No,Yes,Yes,35-44
10472071570,1/16/2019,1/16/2019,To a large extent,Mostly familiar,Yes,Yes,3,2,Slightly Worse,Somewhat Disapprove,Yes,Yes,Yes,Yes,Yes,Yes,Significantly more negative opinion,15212,Yes,Yes,Yes,65+
10472071424,1/16/2019,1/16/2019,To a moderate extent,Mostly familiar,Yes,No,5,2,No effect,Approve,Yes,No,Not sure,No,Yes,Not sure,No change,15201,Yes,Yes,Yes,25-34
10472067552,1/16/2019,1/16/2019,To a large extent,Somewhat familiar,No,No,3,4,Slightly Better,Approve,No,No,Yes,Yes,Yes,Yes,No change,15601,Not sure,Yes,Yes,65+
10472066832,1/16/2019,1/16/2019,To a moderate extent,Somewhat familiar,Yes,Yes,5,3,Slightly Better,Somewhat Approve,Yes,No,Yes,Yes,Yes,Yes,No change,15206,No,Yes,Yes,65+
10472059154,1/16/2019,1/16/2019,To a moderate extent,Extremely familiar,Not sure,Not sure,5,3,Significantly Better,Neutral,No,No,No,Not sure,No,Yes,No change,15143,No,Yes,Yes,18-24
10472036242,1/16/2019,1/16/2019,To some extent,Somewhat familiar,Yes,Yes,3,3,No effect,Somewhat Approve,Yes,No,Not sure,Yes,Yes,Yes,Somewhat more negative opinion,15212,Yes,Yes,Yes,65+
10472017223,1/16/2019,1/16/2019,To a large extent,Extremely familiar,No,No,5,2,Significantly Better,Somewhat Approve,Yes,Yes,Yes,Not sure,Yes,Yes,No change,null,No,Yes,Yes,18-24
10472014886,1/16/2019,1/16/2019,To a moderate extent,Extremely familiar,No,Yes,4,2,Significantly Better,Approve,No,No,No,Yes,Yes,Yes,No change,15237-1451,Not sure,Yes,Yes,55-64
10472012493,1/16/2019,1/16/2019,To a moderate extent,Mostly familiar,No,Yes,4,2,Slightly Better,Approve,No,Not sure,Yes,Yes,Yes,Yes,No change,15228,Yes,Yes,Yes,65+
10472010771,1/16/2019,1/16/2019,To little extent,Not familiar at all,Not sure,No,3,2,Slightly Better,Neutral,Not sure,Not sure,Not sure,Yes,Yes,Yes,No change,null,No,Yes,Yes,25-34
10471996153,1/16/2019,1/16/2019,To a large extent,Mostly familiar,Yes,Yes,5,2,Slightly Better,Approve,No,Yes,Yes,Not sure,No,Not sure,No change,15222,Yes,Yes,Yes,25-34
10471993112,1/16/2019,1/16/2019,To a moderate extent,Mostly familiar,Yes,Yes,4,3,Slightly Better,Somewhat Approve,Yes,No,Yes,Yes,Yes,Yes,Somewhat more negative opinion,15146,Yes,Yes,Yes,45-54
10471991711,1/16/2019,1/16/2019,To a large extent,Somewhat familiar,Yes,Yes,3,3,Slightly Better,Neutral,Not sure,No,Yes,No,No,Yes,No change,15212,Yes,Yes,Yes,65+
10471988453,1/16/2019,1/16/2019,To a large extent,Mostly familiar,Yes,Yes,5,2,Slightly Better,Approve,No,No,No,No,Yes,No,No change,15222,Yes,Yes,No,55-64
10471987128,1/16/2019,1/16/2019,To a moderate extent,Somewhat familiar,Yes,Yes,3,3,No effect,Somewhat Disapprove,Not sure,Not sure,Yes,Yes,Yes,Yes,Somewhat more negative opinion,15224,No,Yes,Yes,35-44
10471977138,1/16/2019,1/16/2019,To a large extent,Mostly familiar,Yes,Yes,4,3,Slightly Better,Somewhat Approve,Yes,No,Yes,Yes,Yes,Yes,No change,15206,Yes,Yes,Yes,45-54
10471974660,1/16/2019,1/16/2019,To a moderate extent,Mostly familiar,Yes,No,5,3,Significantly Better,Approve,No,Not sure,Not sure,Yes,Yes,Yes,Somewhat more positive opinion,16046,No,Yes,Yes,45-54
10471962857,1/16/2019,1/16/2019,To a moderate extent,Mostly familiar,Yes,Yes,5,1,Significantly Better,Approve,No,Yes,Yes,No,Not sure,Not sure,No change,15222,Yes,Yes,Yes,25-34
10471946101,1/16/2019,1/16/2019,To a moderate extent,Extremely familiar,Not sure,Yes,5,4,Slightly Better,Neutral,No,Yes,No,Yes,Yes,Yes,No change,15208,No,Yes,Yes,25-34
10471943823,1/16/2019,1/16/2019,To a moderate extent,Somewhat familiar,Yes,Yes,4,2,Slightly Better,Neutral,Not sure,Yes,Not sure,Yes,Yes,Yes,Somewhat more negative opinion,15224,Yes,Yes,Yes,35-44
10471942985,1/16/2019,1/16/2019,To some extent,Somewhat familiar,Yes,No,4,4,Slightly Better,Approve,Not sure,No,Not sure,No,Yes,Yes,No change,15203,Yes,Yes,Yes,45-54
10471939627,1/16/2019,1/16/2019,To a moderate extent,Somewhat familiar,No,Yes,4,3,Significantly Better,Approve,No,No,Yes,Yes,Yes,Yes,No change,15217,Yes,Yes,Yes,25-34
10471937563,1/16/2019,1/16/2019,To some extent,Somewhat familiar,Not sure,No,2,3,Slightly Better,Somewhat Disapprove,Not sure,No,Yes,Yes,Yes,Yes,No change,15206,Yes,Yes,Yes,35-44
10471935374,1/16/2019,1/16/2019,To some extent,Not familiar at all,No,No,1,3,Significantly Worse,Disapprove,Yes,Yes,No,Yes,Yes,Yes,Significantly more negative opinion,null,Yes,Yes,Yes,45-54
10471933329,1/16/2019,1/16/2019,To a moderate extent,Not familiar at all,Not sure,Yes,4,3,No effect,Somewhat Approve,Not sure,No,Yes,Yes,Yes,Yes,Somewhat more negative opinion,15084,Yes,Yes,Yes,65+
10471932214,1/16/2019,1/16/2019,To a large extent,Extremely familiar,Yes,Yes,4,3,Slightly Better,Somewhat Approve,Yes,No,No,Yes,Yes,Yes,Significantly more negative opinion,15215,No,Yes,Yes,45-54
10471931232,1/16/2019,1/16/2019,To a moderate extent,Somewhat familiar,Yes,Yes,3,3,Slightly Better,Approve,Not sure,Not sure,Yes,Not sure,Not sure,Yes,No change,15217,Not sure,Yes,Yes,45-54
10471931177,1/16/2019,1/16/2019,To a moderate extent,Extremely familiar,Yes,No,4,3,Significantly Better,Approve,Yes,Yes,Yes,Yes,Yes,Yes,No change,15221,No,Yes,Yes,55-64
10471928688,1/16/2019,1/16/2019,To a moderate extent,Mostly familiar,No,No,3,3,Slightly Better,Somewhat Disapprove,Not sure,No,Yes,Yes,Yes,Yes,Significantly more negative opinion,15228,Yes,Yes,Yes,65+
10471927900,1/16/2019,1/16/2019,To some extent,Not familiar at all,Not sure,Not sure,2,3,No effect,Neutral,Not sure,Not sure,Yes,Not sure,Yes,Yes,Somewhat more negative opinion,15601,Not sure,Yes,Yes,55-64
10471915457,1/16/2019,1/16/2019,To some extent,Somewhat familiar,No,No,5,4,No effect,Neutral,No,No,No,No,Yes,Not sure,No change,15230,Yes,Yes,Yes,45-54
10471902653,1/16/2019,1/16/2019,To some extent,Somewhat familiar,Yes,Not sure,4,3,Slightly Better,Approve,Yes,Not sure,Yes,Not sure,Yes,Not sure,No change,15218,Yes,Yes,Yes,65+
10471899964,1/16/2019,1/16/2019,To a moderate extent,Somewhat familiar,Yes,Yes,4,3,Slightly Better,Neutral,Yes,No,Not sure,Yes,Yes,Yes,No change,15218,Yes,Yes,Yes,55-64
10471895172,1/16/2019,1/16/2019,To a large extent,Mostly familiar,Yes,Yes,3,3,No effect,Approve,Yes,Yes,Yes,Yes,Yes,Yes,No change,15221,No,Yes,Yes,65+
10471892144,1/16/2019,1/16/2019,To a moderate extent,Somewhat familiar,No,No,2,3,Slightly Worse,Neutral,No,No,Yes,Yes,Yes,Yes,No change,15241,No,Yes,Yes,55-64
10471889585,1/16/2019,1/16/2019,To a moderate extent,Mostly familiar,No,No,1,3,Slightly Worse,Somewhat Approve,No,Not sure,Yes,Not sure,Yes,Yes,Somewhat more negative opinion,15116,No,Yes,Yes,65+
10471886637,1/16/2019,1/16/2019,To a moderate extent,Somewhat familiar,Yes,No,3,2,Slightly Better,Somewhat Approve,Yes,Yes,Yes,Not sure,Yes,Yes,No change,15224,Not sure,Yes,Yes,35-44
10471883824,1/16/2019,1/16/2019,To some extent,Somewhat familiar,Yes,Not sure,2,2,Slightly Worse,Somewhat Disapprove,Not sure,Yes,No,Yes,Yes,Yes,Somewhat more negative opinion,15084,Yes,Yes,Yes,65+
10471882984,1/16/2019,1/16/2019,To a large extent,Somewhat familiar,No,Yes,5,1,Significantly Better,Approve,No,No,No,No,No,Yes,No change,15139,Yes,Yes,Yes,65+
10471880828,1/16/2019,1/16/2019,To a moderate extent,Mostly familiar,Not sure,No,4,3,Significantly Better,Approve,No,No,Not sure,Yes,Yes,Yes,No change,15085,Yes,Yes,Yes,65+
10471873101,1/16/2019,1/16/2019,To a large extent,Mostly familiar,No,Yes,4,3,Significantly Better,Approve,Not sure,Not sure,Not sure,Yes,Yes,Yes,No change,15211,No,Yes,Yes,35-44
10471871191,1/16/2019,1/16/2019,To a moderate extent,Extremely familiar,No,No,4,3,Slightly Better,Approve,Yes,No,Yes,Yes,Yes,Yes,No change,15217,Yes,Yes,Yes,55-64
10471868437,1/16/2019,1/16/2019,To a large extent,Mostly familiar,Not sure,Yes,4,3,Slightly Better,Approve,Yes,Not sure,Yes,Yes,Yes,Yes,No change,15221,Not sure,Yes,Yes,65+
10471863331,1/16/2019,1/16/2019,To a large extent,Mostly familiar,Yes,No,4,3,Significantly Better,Approve,Yes,Yes,Yes,Yes,Yes,Yes,No change,15206,No,Yes,No,65+
